gu	dong_tokens	name	address	category	lat	lon	url
중구	예장동	남산공원	서울특별시 중구 삼일대로 231(예장동)	공원	37.5501402	126.9903773	http://parks.seoul.go.kr/template/sub/namsan.do
강동구	강동|길동	길동생태공원	서울특별시 강동구 천호대로 1291(길동생태공원)	공원	37.5403935	127.1547791	http://parks.seoul.go.kr/template/sub/gildong.do
성동구	성동|성수동1가	서울숲	서울특별시 성동구 뚝섬로 273 (성수동1가)	공원	37.5430717	127.0417982	http://parks.seoul.go.kr/template/sub/seoulforest.do
마포구		월드컵공원	서울특별시 마포구 하늘공원로 84(월드컵공원)	공원	37.571805	126.878907	http://parks.seoul.go.kr/template/sub/worldcuppark.do
종로구		광화문시민열린마당	서울특별시 종로구 세종로 76-2	공원	37.5750449	126.9780227	https://map.naver.com/p/search/%EA%B4%91%ED%99%94%EB%AC%B8%EC%8B%9C%EB%AF%BC%EC%97%B4%EB%A6%B0%EB%A7%88%EB%8B%B9%20%EC%84%9C%EC%9A%B8%ED%8A%B9%EB%B3%84%EC%8B%9C%20%EC%A2%85%EB%A1%9C%EA%B5%AC%20%EC%84%B8%EC%A2%85%EB%A1%9C%2076-2
은평구	진관동	진관근린공원(구파발폭포)	서울특별시 은평구 진관동 393	공원	37.6370244	126.9192155	https://map.naver.com/p/search/%EC%A7%84%EA%B4%80%EA%B7%BC%EB%A6%B0%EA%B3%B5%EC%9B%90%28%EA%B5%AC%ED%8C%8C%EB%B0%9C%ED%8F%AD%ED%8F%AC%29%20%EC%84%9C%EC%9A%B8%ED%8A%B9%EB%B3%84%EC%8B%9C%20%EC%9D%80%ED%8F%89%EA%B5%AC%20%EC%A7%84%EA%B4%80%EB%8F%99%20393
영등포구	영등포동2가	중마루근린공원	서울특별시 영등포구 영등포동2가 222	공원	37.519832	126.9112668	https://map.naver.com/p/search/%EC%A4%91%EB%A7%88%EB%A3%A8%EA%B7%BC%EB%A6%B0%EA%B3%B5%EC%9B%90%20%EC%84%9C%EC%9A%B8%ED%8A%B9%EB%B3%84%EC%8B%9C%20%EC%98%81%EB%93%B1%ED%8F%AC%EA%B5%AC%20%EC%98%81%EB%93%B1%ED%8F%AC%EB%8F%992%EA%B0%80%20222
성동구	성동|금호동1가	응봉공원 (대현산배수지공원)	서울특별시 성동구 금호동1가 산1-72	공원	37.5572281	127.0217653	https://map.naver.com/p/search/%EC%9D%91%EB%B4%89%EA%B3%B5%EC%9B%90%20%28%EB%8C%80%ED%98%84%EC%82%B0%EB%B0%B0%EC%88%98%EC%A7%80%EA%B3%B5%EC%9B%90%29%20%EC%84%9C%EC%9A%B8%ED%8A%B9%EB%B3%84%EC%8B%9C%20%EC%84%B1%EB%8F%99%EA%B5%AC%20%EA%B8%88%ED%98%B8%EB%8F%991%EA%B0%80%20%EC%82%B01-72
강서구	등촌동	매화근린공원	서울특별시 강서구 등촌동 630-14	공원	37.5575833	126.86115	https://map.naver.com/p/search/%EB%A7%A4%ED%99%94%EA%B7%BC%EB%A6%B0%EA%B3%B5%EC%9B%90%20%EC%84%9C%EC%9A%B8%ED%8A%B9%EB%B3%84%EC%8B%9C%20%EA%B0%95%EC%84%9C%EA%B5%AC%20%EB%93%B1%EC%B4%8C%EB%8F%99%20630-14
성동구	성동|성수2가	성수근린공원	서울특별시 성동구 성수2가 3동 302-25	공원	37.5448144	127.0524023	https://map.naver.com/p/search/%EC%84%B1%EC%88%98%EA%B7%BC%EB%A6%B0%EA%B3%B5%EC%9B%90%20%EC%84%9C%EC%9A%B8%ED%8A%B9%EB%B3%84%EC%8B%9C%20%EC%84%B1%EB%8F%99%EA%B5%AC%20%EC%84%B1%EC%88%982%EA%B0%80%203%EB%8F%99%20302-25
강동구	강동|명일1동	샛마을근린공원	서울특별시 강동구 명일1동 288	공원	37.5504807	127.1471618	https://map.naver.com/p/search/%EC%83%9B%EB%A7%88%EC%9D%84%EA%B7%BC%EB%A6%B0%EA%B3%B5%EC%9B%90%20%EC%84%9C%EC%9A%B8%ED%8A%B9%EB%B3%84%EC%8B%9C%20%EA%B0%95%EB%8F%99%EA%B5%AC%20%EB%AA%85%EC%9D%BC1%EB%8F%99%20288
영등포구	여의도동	여의도근린공원	서울특별시 영등포구 여의공원로 68 (여의도동)	공원	37.526129	126.922377	http://parks.seoul.go.kr/template/sub/yeouido.do
동대문구		간데메근린공원	서울특별시 동대문구 서울시립대로2길 59(간데메공원)	공원	37.5732438	127.0488644	https://map.naver.com/p/search/%EA%B0%84%EB%8D%B0%EB%A9%94%EA%B7%BC%EB%A6%B0%EA%B3%B5%EC%9B%90%20%EC%84%9C%EC%9A%B8%ED%8A%B9%EB%B3%84%EC%8B%9C%20%EB%8F%99%EB%8C%80%EB%AC%B8%EA%B5%AC%20%EC%84%9C%EC%9A%B8%EC%8B%9C%EB%A6%BD%EB%8C%80%EB%A1%9C2%EA%B8%B8%2059%28%EA%B0%84%EB%8D%B0%EB%A9%94%EA%B3%B5%EC%9B%90%29
중구		훈련원근린공원	서울특별시 중구 을지로 227	공원	37.5675245	127.0038188	https://map.naver.com/p/search/%ED%9B%88%EB%A0%A8%EC%9B%90%EA%B7%BC%EB%A6%B0%EA%B3%B5%EC%9B%90%20%EC%84%9C%EC%9A%B8%ED%8A%B9%EB%B3%84%EC%8B%9C%20%EC%A4%91%EA%B5%AC%20%EC%9D%84%EC%A7%80%EB%A1%9C%20227
영등포구		영등포근린공원	서울특별시 영등포구 신길로 275	공원	37.515423	126.910662	https://map.naver.com/p/search/%EC%98%81%EB%93%B1%ED%8F%AC%EA%B7%BC%EB%A6%B0%EA%B3%B5%EC%9B%90%20%EC%84%9C%EC%9A%B8%ED%8A%B9%EB%B3%84%EC%8B%9C%20%EC%98%81%EB%93%B1%ED%8F%AC%EA%B5%AC%20%EC%8B%A0%EA%B8%B8%EB%A1%9C%20275
동작구		보라매공원	서울특별시 동작구 여의대방로20길 33(보라매공원)	공원	37.492333	126.918289	http://parks.seoul.go.kr/template/sub/boramae.do
광진구	능동	어린이대공원	서울특별시 광진구 능동로 216(서울어린이대공원)	공원	37.5498987	127.0809212	http://www.sisul.or.kr/open_content/childrenpark/
강동구	강동	천호근린공원	서울특별시 강동구 올림픽로 702(천호공원)	공원	37.5444741	127.1263451	http://parks.seoul.go.kr/template/sub/cheonho.do
용산구		용산가족공원	서울특별시 용산구 서빙고로 185	공원	37.522226	126.983335	https://parks.seoul.go.kr/template/sub/yongsan.do
서대문구		독립근린공원	서울특별시 서대문구 통일로251(독립공원)	공원	37.5738289	126.956771	https://map.naver.com/p/search/%EB%8F%85%EB%A6%BD%EA%B7%BC%EB%A6%B0%EA%B3%B5%EC%9B%90%20%EC%84%9C%EC%9A%B8%ED%8A%B9%EB%B3%84%EC%8B%9C%20%EC%84%9C%EB%8C%80%EB%AC%B8%EA%B5%AC%20%ED%86%B5%EC%9D%BC%EB%A1%9C251%28%EB%8F%85%EB%A6%BD%EA%B3%B5%EC%9B%90%29
종로구		낙산근린공원	서울특별시 종로구 낙산길 41 (우) 03085	공원	37.580477	127.007587	http://parks.seoul.go.kr/template/sub/naksan.do
서초구	양재동	매헌시민의숲	서울특별시 서초구 매헌로 99 (양재동)	공원	37.471225	127.035042	http://parks.seoul.go.kr/template/sub/citizen.do
관악구		관악산공원	서울특별시 관악구 관악로 1(관악산공원)	공원	37.445208	126.96413	https://map.naver.com/p/search/%EA%B4%80%EC%95%85%EC%82%B0%EA%B3%B5%EC%9B%90%20%EC%84%9C%EC%9A%B8%ED%8A%B9%EB%B3%84%EC%8B%9C%20%EA%B4%80%EC%95%85%EA%B5%AC%20%EA%B4%80%EC%95%85%EB%A1%9C%201%28%EA%B4%80%EC%95%85%EC%82%B0%EA%B3%B5%EC%9B%90%29
용산구		효창근린공원	서울특별시 용산구 효창원로 177-18	공원	37.545234	126.95993	https://map.naver.com/p/search/%ED%9A%A8%EC%B0%BD%EA%B7%BC%EB%A6%B0%EA%B3%B5%EC%9B%90%20%EC%84%9C%EC%9A%B8%ED%8A%B9%EB%B3%84%EC%8B%9C%20%EC%9A%A9%EC%82%B0%EA%B5%AC%20%ED%9A%A8%EC%B0%BD%EC%9B%90%EB%A1%9C%20177-18
금천구	독산동	감로천생태공원(관악산)	서울특별시 금천구 독산동 373 일대	공원	37.469625	126.9079509	https://map.naver.com/p/search/%EA%B0%90%EB%A1%9C%EC%B2%9C%EC%83%9D%ED%83%9C%EA%B3%B5%EC%9B%90%28%EA%B4%80%EC%95%85%EC%82%B0%29%20%EC%84%9C%EC%9A%B8%ED%8A%B9%EB%B3%84%EC%8B%9C%20%EA%B8%88%EC%B2%9C%EA%B5%AC%20%EB%8F%85%EC%82%B0%EB%8F%99%20373%20%EC%9D%BC%EB%8C%80
성북구	돈암동	개운산근린공원	서울특별시 성북구 북악산로 949-73(돈암동 6-1)	공원	37.5965837	127.0252858	https://map.naver.com/p/search/%EA%B0%9C%EC%9A%B4%EC%82%B0%EA%B7%BC%EB%A6%B0%EA%B3%B5%EC%9B%90%20%EC%84%9C%EC%9A%B8%ED%8A%B9%EB%B3%84%EC%8B%9C%20%EC%84%B1%EB%B6%81%EA%B5%AC%20%EB%B6%81%EC%95%85%EC%82%B0%EB%A1%9C%20949-73%28%EB%8F%88%EC%95%94%EB%8F%99%206-1%29
구로구	오류동	개웅산근린공원	서울특별시 구로구 오류동 산13-1	공원	37.4888943	126.8485734	https://map.naver.com/p/search/%EA%B0%9C%EC%9B%85%EC%82%B0%EA%B7%BC%EB%A6%B0%EA%B3%B5%EC%9B%90%20%EC%84%9C%EC%9A%B8%ED%8A%B9%EB%B3%84%EC%8B%9C%20%EA%B5%AC%EB%A1%9C%EA%B5%AC%20%EC%98%A4%EB%A5%98%EB%8F%99%20%EC%82%B013-1
종로구	신문로2가	경희궁	서울특별시 종로구 새문안로 55(신문로2가 2-1)	공원	37.570773	126.9685341	https://map.naver.com/p/search/%EA%B2%BD%ED%9D%AC%EA%B6%81%20%EC%84%9C%EC%9A%B8%ED%8A%B9%EB%B3%84%EC%8B%9C%20%EC%A2%85%EB%A1%9C%EA%B5%AC%20%EC%83%88%EB%AC%B8%EC%95%88%EB%A1%9C%2055%28%EC%8B%A0%EB%AC%B8%EB%A1%9C2%EA%B0%80%202-1%29
동작구	동작동	국립서울현충원	서울특별시 동작구 현충로 210(동작동, 국립서울현충원)	공원	37.4998621	126.9736849	"1. 국문 : https://www.mvpa.go.kr/snmb/www/index.do
2. 영문 : https://www.mvpa.go.kr/snmb/en/index.do
3. 중국어 간체 : https://www.mvpa.go.kr/snmb/cn/index.do
4. 중국어 번체 : https://www.mvpa.go.kr/snmb/zh/index.do
5. 일문 : https://www.mvpa.go.kr/snmb/jp/index.do"
양천구	신정동	계남근린공원	서울특별시 양천구 신정동 산44-2일대	공원	37.5138358	126.8479643	https://map.naver.com/p/search/%EA%B3%84%EB%82%A8%EA%B7%BC%EB%A6%B0%EA%B3%B5%EC%9B%90%20%EC%84%9C%EC%9A%B8%ED%8A%B9%EB%B3%84%EC%8B%9C%20%EC%96%91%EC%B2%9C%EA%B5%AC%20%EC%8B%A0%EC%A0%95%EB%8F%99%20%EC%82%B044-2%EC%9D%BC%EB%8C%80
구로구		고척근린공원	서울특별시 구로구 고척로45길 39(고척공원)	공원	37.5042944	126.8521495	https://map.naver.com/p/search/%EA%B3%A0%EC%B2%99%EA%B7%BC%EB%A6%B0%EA%B3%B5%EC%9B%90%20%EC%84%9C%EC%9A%B8%ED%8A%B9%EB%B3%84%EC%8B%9C%20%EA%B5%AC%EB%A1%9C%EA%B5%AC%20%EA%B3%A0%EC%B2%99%EB%A1%9C45%EA%B8%B8%2039%28%EA%B3%A0%EC%B2%99%EA%B3%B5%EC%9B%90%29
양천구	목동동	파리근린공원	서울특별시 양천구 목동동로 363	공원	37.5349739	126.8763932	https://map.naver.com/p/search/%ED%8C%8C%EB%A6%AC%EA%B7%BC%EB%A6%B0%EA%B3%B5%EC%9B%90%20%EC%84%9C%EC%9A%B8%ED%8A%B9%EB%B3%84%EC%8B%9C%20%EC%96%91%EC%B2%9C%EA%B5%AC%20%EB%AA%A9%EB%8F%99%EB%8F%99%EB%A1%9C%20363
강서구		허준공원	서울특별시 강서구 허준로5길 42	공원	37.5679874	126.8526745	https://map.naver.com/p/search/%ED%97%88%EC%A4%80%EA%B3%B5%EC%9B%90%20%EC%84%9C%EC%9A%B8%ED%8A%B9%EB%B3%84%EC%8B%9C%20%EA%B0%95%EC%84%9C%EA%B5%AC%20%ED%97%88%EC%A4%80%EB%A1%9C5%EA%B8%B8%2042
서대문구	궁동	궁동근린공원	서울특별시 서대문구 성산로7길 19-24(궁동공원)	공원	37.5690506	126.9229851	https://map.naver.com/p/search/%EA%B6%81%EB%8F%99%EA%B7%BC%EB%A6%B0%EA%B3%B5%EC%9B%90%20%EC%84%9C%EC%9A%B8%ED%8A%B9%EB%B3%84%EC%8B%9C%20%EC%84%9C%EB%8C%80%EB%AC%B8%EA%B5%AC%20%EC%84%B1%EC%82%B0%EB%A1%9C7%EA%B8%B8%2019-24%28%EA%B6%81%EB%8F%99%EA%B3%B5%EC%9B%90%29
강서구	가양동	궁산근린공원	서울특별시 강서구 가양동 산4-7	공원	37.5735645	126.838952	https://map.naver.com/p/search/%EA%B6%81%EC%82%B0%EA%B7%BC%EB%A6%B0%EA%B3%B5%EC%9B%90%20%EC%84%9C%EC%9A%B8%ED%8A%B9%EB%B3%84%EC%8B%9C%20%EA%B0%95%EC%84%9C%EA%B5%AC%20%EA%B0%80%EC%96%91%EB%8F%99%20%EC%82%B04-7
동작구	사당동	까치산근린공원	서울특별시 동작구 사당동 산32	공원	37.4845836	126.9640735	https://map.naver.com/p/search/%EA%B9%8C%EC%B9%98%EC%82%B0%EA%B7%BC%EB%A6%B0%EA%B3%B5%EC%9B%90%20%EC%84%9C%EC%9A%B8%ED%8A%B9%EB%B3%84%EC%8B%9C%20%EB%8F%99%EC%9E%91%EA%B5%AC%20%EC%82%AC%EB%8B%B9%EB%8F%99%20%EC%82%B032
강서구	방화동	꿩고개근린공원	서울특별시 강서구 방화동 산110	공원	37.5801585	126.8157075	https://map.naver.com/p/search/%EA%BF%A9%EA%B3%A0%EA%B0%9C%EA%B7%BC%EB%A6%B0%EA%B3%B5%EC%9B%90%20%EC%84%9C%EC%9A%B8%ED%8A%B9%EB%B3%84%EC%8B%9C%20%EA%B0%95%EC%84%9C%EA%B5%AC%20%EB%B0%A9%ED%99%94%EB%8F%99%20%EC%82%B0110
동작구	대방동	노량진공원	서울특별시 동작구 대방동 519(여의대방로44길 39)	공원	37.507396	126.927319	https://map.naver.com/p/search/%EB%85%B8%EB%9F%89%EC%A7%84%EA%B3%B5%EC%9B%90%20%EC%84%9C%EC%9A%B8%ED%8A%B9%EB%B3%84%EC%8B%9C%20%EB%8F%99%EC%9E%91%EA%B5%AC%20%EB%8C%80%EB%B0%A9%EB%8F%99%20519%28%EC%97%AC%EC%9D%98%EB%8C%80%EB%B0%A9%EB%A1%9C44%EA%B8%B8%2039%29
동대문구		답십리근린공원	서울특별시 동대문구 답십리로 209(답십리공원)	공원	37.507396	127.0626512	https://map.naver.com/p/search/%EB%8B%B5%EC%8B%AD%EB%A6%AC%EA%B7%BC%EB%A6%B0%EA%B3%B5%EC%9B%90%20%EC%84%9C%EC%9A%B8%ED%8A%B9%EB%B3%84%EC%8B%9C%20%EB%8F%99%EB%8C%80%EB%AC%B8%EA%B5%AC%20%EB%8B%B5%EC%8B%AD%EB%A6%AC%EB%A1%9C%20209%28%EB%8B%B5%EC%8B%AD%EB%A6%AC%EA%B3%B5%EC%9B%90%29
강남구		대모산도시자연공원	서울특별시 강남구 광평로10길 30-71(대모산공원)	공원	37.4796489	127.0809639	https://map.naver.com/p/search/%EB%8C%80%EB%AA%A8%EC%82%B0%EB%8F%84%EC%8B%9C%EC%9E%90%EC%97%B0%EA%B3%B5%EC%9B%90%20%EC%84%9C%EC%9A%B8%ED%8A%B9%EB%B3%84%EC%8B%9C%20%EA%B0%95%EB%82%A8%EA%B5%AC%20%EA%B4%91%ED%8F%89%EB%A1%9C10%EA%B8%B8%2030-71%28%EB%8C%80%EB%AA%A8%EC%82%B0%EA%B3%B5%EC%9B%90%29
종로구		탑골근린공원	서울특별시 종로구 종로 99	공원	37.5710052	126.9882853	https://map.naver.com/p/search/%ED%83%91%EA%B3%A8%EA%B7%BC%EB%A6%B0%EA%B3%B5%EC%9B%90%20%EC%84%9C%EC%9A%B8%ED%8A%B9%EB%B3%84%EC%8B%9C%20%EC%A2%85%EB%A1%9C%EA%B5%AC%20%EC%A2%85%EB%A1%9C%2099
양천구	신정동	갈산근린공원	서울특별시 양천구 신정동 162-56	공원	37.5082119	126.8689146	https://map.naver.com/p/search/%EA%B0%88%EC%82%B0%EA%B7%BC%EB%A6%B0%EA%B3%B5%EC%9B%90%20%EC%84%9C%EC%9A%B8%ED%8A%B9%EB%B3%84%EC%8B%9C%20%EC%96%91%EC%B2%9C%EA%B5%AC%20%EC%8B%A0%EC%A0%95%EB%8F%99%20162-56
송파구	마천동	천마근린공원	서울특별시 송파구 마천동 산 1-1	공원	37.5005173	127.1586644	https://map.naver.com/p/search/%EC%B2%9C%EB%A7%88%EA%B7%BC%EB%A6%B0%EA%B3%B5%EC%9B%90%20%EC%84%9C%EC%9A%B8%ED%8A%B9%EB%B3%84%EC%8B%9C%20%EC%86%A1%ED%8C%8C%EA%B5%AC%20%EB%A7%88%EC%B2%9C%EB%8F%99%20%EC%82%B0%201-1
강남구	도곡동	도곡근린공원	서울특별시 강남구 도곡동 산31-1	공원	37.4903127	127.0450338	https://map.naver.com/p/search/%EB%8F%84%EA%B3%A1%EA%B7%BC%EB%A6%B0%EA%B3%B5%EC%9B%90%20%EC%84%9C%EC%9A%B8%ED%8A%B9%EB%B3%84%EC%8B%9C%20%EA%B0%95%EB%82%A8%EA%B5%AC%20%EB%8F%84%EA%B3%A1%EB%8F%99%20%EC%82%B031-1
강남구		도산근린공원	서울특별시 강남구 도산대로45길 20(도산공원)	공원	37.5246752	127.0350296	https://map.naver.com/p/search/%EB%8F%84%EC%82%B0%EA%B7%BC%EB%A6%B0%EA%B3%B5%EC%9B%90%20%EC%84%9C%EC%9A%B8%ED%8A%B9%EB%B3%84%EC%8B%9C%20%EA%B0%95%EB%82%A8%EA%B5%AC%20%EB%8F%84%EC%82%B0%EB%8C%80%EB%A1%9C45%EA%B8%B8%2020%28%EB%8F%84%EC%82%B0%EA%B3%B5%EC%9B%90%29
성북구	화랑로18가	청량공원	서울특별시 성북구 화랑로18가길 50	공원	37.6020055	127.0511145	https://map.naver.com/p/search/%EC%B2%AD%EB%9F%89%EA%B3%B5%EC%9B%90%20%EC%84%9C%EC%9A%B8%ED%8A%B9%EB%B3%84%EC%8B%9C%20%EC%84%B1%EB%B6%81%EA%B5%AC%20%ED%99%94%EB%9E%91%EB%A1%9C18%EA%B0%80%EA%B8%B8%2050
도봉구	창동	초안산근린공원	서울특별시 도봉구 창동 산157	공원	37.648316	127.0455446	https://map.naver.com/p/search/%EC%B4%88%EC%95%88%EC%82%B0%EA%B7%BC%EB%A6%B0%EA%B3%B5%EC%9B%90%20%EC%84%9C%EC%9A%B8%ED%8A%B9%EB%B3%84%EC%8B%9C%20%EB%8F%84%EB%B4%89%EA%B5%AC%20%EC%B0%BD%EB%8F%99%20%EC%82%B0157
강동구	강동|고덕2동	동명근린공원	서울특별시 강동구 고덕2동 229	공원	37.5598341	127.1676703	https://map.naver.com/p/search/%EB%8F%99%EB%AA%85%EA%B7%BC%EB%A6%B0%EA%B3%B5%EC%9B%90%20%EC%84%9C%EC%9A%B8%ED%8A%B9%EB%B3%84%EC%8B%9C%20%EA%B0%95%EB%8F%99%EA%B5%AC%20%EA%B3%A0%EB%8D%952%EB%8F%99%20229
종로구		마로니에공원	서울특별시 종로구 대학로8길 1	공원	37.5802295	127.0027886	https://map.naver.com/p/search/%EB%A7%88%EB%A1%9C%EB%8B%88%EC%97%90%EA%B3%B5%EC%9B%90%20%EC%84%9C%EC%9A%B8%ED%8A%B9%EB%B3%84%EC%8B%9C%20%EC%A2%85%EB%A1%9C%EA%B5%AC%20%EB%8C%80%ED%95%99%EB%A1%9C8%EA%B8%B8%201
영등포구		자매근린공원	서울특별시 영등포구 의사당대로 166 (우) 07324	공원	37.5177329	126.9302895	https://map.naver.com/p/search/%EC%9E%90%EB%A7%A4%EA%B7%BC%EB%A6%B0%EA%B3%B5%EC%9B%90%20%EC%84%9C%EC%9A%B8%ED%8A%B9%EB%B3%84%EC%8B%9C%20%EC%98%81%EB%93%B1%ED%8F%AC%EA%B5%AC%20%EC%9D%98%EC%82%AC%EB%8B%B9%EB%8C%80%EB%A1%9C%20166%20%28%EC%9A%B0%29%2007324
송파구	장지동	장지근린공원	서울특별시 송파구 장지동 산 11번지	공원	37.4957083	127.1387	https://map.naver.com/p/search/%EC%9E%A5%EC%A7%80%EA%B7%BC%EB%A6%B0%EA%B3%B5%EC%9B%90%20%EC%84%9C%EC%9A%B8%ED%8A%B9%EB%B3%84%EC%8B%9C%20%EC%86%A1%ED%8C%8C%EA%B5%AC%20%EC%9E%A5%EC%A7%80%EB%8F%99%20%EC%82%B0%2011%EB%B2%88%EC%A7%80
강동구	강동|상일동	명일근린공원	서울특별시 강동구 상일동 135	공원	37.5537143	127.1613641	https://map.naver.com/p/search/%EB%AA%85%EC%9D%BC%EA%B7%BC%EB%A6%B0%EA%B3%B5%EC%9B%90%20%EC%84%9C%EC%9A%B8%ED%8A%B9%EB%B3%84%EC%8B%9C%20%EA%B0%95%EB%8F%99%EA%B5%AC%20%EC%83%81%EC%9D%BC%EB%8F%99%20135
강서구		방화근린공원	서울특별시 강서구 금낭화로 176(방화공원)	공원	37.5819812	126.8132285	https://map.naver.com/p/search/%EB%B0%A9%ED%99%94%EA%B7%BC%EB%A6%B0%EA%B3%B5%EC%9B%90%20%EC%84%9C%EC%9A%B8%ED%8A%B9%EB%B3%84%EC%8B%9C%20%EA%B0%95%EC%84%9C%EA%B5%AC%20%EA%B8%88%EB%82%AD%ED%99%94%EB%A1%9C%20176%28%EB%B0%A9%ED%99%94%EA%B3%B5%EC%9B%90%29
송파구	잠실동	아시아근린공원	서울특별시 송파구 올림픽로 44 (잠실동)	공원	37.5102779	127.0762885	https://map.naver.com/p/search/%EC%95%84%EC%8B%9C%EC%95%84%EA%B7%BC%EB%A6%B0%EA%B3%B5%EC%9B%90%20%EC%84%9C%EC%9A%B8%ED%8A%B9%EB%B3%84%EC%8B%9C%20%EC%86%A1%ED%8C%8C%EA%B5%AC%20%EC%98%AC%EB%A6%BC%ED%94%BD%EB%A1%9C%2044%20%28%EC%9E%A0%EC%8B%A4%EB%8F%99%29
동대문구		배봉산근린공원	서울특별시 동대문구 한천로43길 12-14(배봉산공원)	공원	37.5812324	127.0641623	https://map.naver.com/p/search/%EB%B0%B0%EB%B4%89%EC%82%B0%EA%B7%BC%EB%A6%B0%EA%B3%B5%EC%9B%90%20%EC%84%9C%EC%9A%B8%ED%8A%B9%EB%B3%84%EC%8B%9C%20%EB%8F%99%EB%8C%80%EB%AC%B8%EA%B5%AC%20%ED%95%9C%EC%B2%9C%EB%A1%9C43%EA%B8%B8%2012-14%28%EB%B0%B0%EB%B4%89%EC%82%B0%EA%B3%B5%EC%9B%90%29
서대문구	홍제동	안산도시자연공원	서울특별시 서대문구 홍제동 산33-98	공원	37.5798246	126.9390273	https://map.naver.com/p/search/%EC%95%88%EC%82%B0%EB%8F%84%EC%8B%9C%EC%9E%90%EC%97%B0%EA%B3%B5%EC%9B%90%20%EC%84%9C%EC%9A%B8%ED%8A%B9%EB%B3%84%EC%8B%9C%20%EC%84%9C%EB%8C%80%EB%AC%B8%EA%B5%AC%20%ED%99%8D%EC%A0%9C%EB%8F%99%20%EC%82%B033-98
강서구	염창동	염창근린공원	서울특별시 강서구 염창동 산24-1	공원	37.5579702	126.8689817	https://map.naver.com/p/search/%EC%97%BC%EC%B0%BD%EA%B7%BC%EB%A6%B0%EA%B3%B5%EC%9B%90%20%EC%84%9C%EC%9A%B8%ED%8A%B9%EB%B3%84%EC%8B%9C%20%EA%B0%95%EC%84%9C%EA%B5%AC%20%EC%97%BC%EC%B0%BD%EB%8F%99%20%EC%82%B024-1
서대문구		백련근린공원	서울특별시 서대문구 통일로 507-22(백련공원)	공원	37.5879662	126.928616	https://map.naver.com/p/search/%EB%B0%B1%EB%A0%A8%EA%B7%BC%EB%A6%B0%EA%B3%B5%EC%9B%90%20%EC%84%9C%EC%9A%B8%ED%8A%B9%EB%B3%84%EC%8B%9C%20%EC%84%9C%EB%8C%80%EB%AC%B8%EA%B5%AC%20%ED%86%B5%EC%9D%BC%EB%A1%9C%20507-22%28%EB%B0%B1%EB%A0%A8%EA%B3%B5%EC%9B%90%29
송파구		오금근린공원	서울특별시 송파구 오금로 363 오금근린공원	공원	37.5038715	127.1323957	https://map.naver.com/p/search/%EC%98%A4%EA%B8%88%EA%B7%BC%EB%A6%B0%EA%B3%B5%EC%9B%90%20%EC%84%9C%EC%9A%B8%ED%8A%B9%EB%B3%84%EC%8B%9C%20%EC%86%A1%ED%8C%8C%EA%B5%AC%20%EC%98%A4%EA%B8%88%EB%A1%9C%20363%20%EC%98%A4%EA%B8%88%EA%B7%BC%EB%A6%B0%EA%B3%B5%EC%9B%90
강북구	번동	오동근린공원	서울특별시 강북구 번동 산20-1	공원	37.6327957	127.0317269	https://map.naver.com/p/search/%EC%98%A4%EB%8F%99%EA%B7%BC%EB%A6%B0%EA%B3%B5%EC%9B%90%20%EC%84%9C%EC%9A%B8%ED%8A%B9%EB%B3%84%EC%8B%9C%20%EA%B0%95%EB%B6%81%EA%B5%AC%20%EB%B2%88%EB%8F%99%20%EC%82%B020-1
은평구	구산동	봉산도시자연공원	서울특별시 은평구 구산동 산61	공원	37.604071	126.9020153	https://map.naver.com/p/search/%EB%B4%89%EC%82%B0%EB%8F%84%EC%8B%9C%EC%9E%90%EC%97%B0%EA%B3%B5%EC%9B%90%20%EC%84%9C%EC%9A%B8%ED%8A%B9%EB%B3%84%EC%8B%9C%20%EC%9D%80%ED%8F%89%EA%B5%AC%20%EA%B5%AC%EC%82%B0%EB%8F%99%20%EC%82%B061
구로구	개봉동	온수도시자연공원	서울특별시 구로구 개봉동 산2-60	공원	37.5002598	126.83695	https://map.naver.com/p/search/%EC%98%A8%EC%88%98%EB%8F%84%EC%8B%9C%EC%9E%90%EC%97%B0%EA%B3%B5%EC%9B%90%20%EC%84%9C%EC%9A%B8%ED%8A%B9%EB%B3%84%EC%8B%9C%20%EA%B5%AC%EB%A1%9C%EA%B5%AC%20%EA%B0%9C%EB%B4%89%EB%8F%99%20%EC%82%B02-60
강남구	삼성동	봉은공원	서울특별시 강남구 삼성동 75	공원	37.5139026	127.0554961	https://map.naver.com/p/search/%EB%B4%89%EC%9D%80%EA%B3%B5%EC%9B%90%20%EC%84%9C%EC%9A%B8%ED%8A%B9%EB%B3%84%EC%8B%9C%20%EA%B0%95%EB%82%A8%EA%B5%AC%20%EC%82%BC%EC%84%B1%EB%8F%99%2075
송파구	방이동	올림픽공원	서울특별시 송파구 올림픽로 424 (방이동)	공원	37.520934	127.122959	https://map.naver.com/p/search/%EC%98%AC%EB%A6%BC%ED%94%BD%EA%B3%B5%EC%9B%90%20%EC%84%9C%EC%9A%B8%ED%8A%B9%EB%B3%84%EC%8B%9C%20%EC%86%A1%ED%8C%8C%EA%B5%AC%20%EC%98%AC%EB%A6%BC%ED%94%BD%EB%A1%9C%20424%20%28%EB%B0%A9%EC%9D%B4%EB%8F%99%29
종로구		와룡근린공원	서울특별시 종로구 와룡공원길 192 (우) 03063	공원	37.5907944	126.9901672	https://map.naver.com/p/search/%EC%99%80%EB%A3%A1%EA%B7%BC%EB%A6%B0%EA%B3%B5%EC%9B%90%20%EC%84%9C%EC%9A%B8%ED%8A%B9%EB%B3%84%EC%8B%9C%20%EC%A2%85%EB%A1%9C%EA%B5%AC%20%EC%99%80%EB%A3%A1%EA%B3%B5%EC%9B%90%EA%B8%B8%20192%20%28%EC%9A%B0%29%2003063
중랑구	묵동	봉화산근린공원	서울특별시 중랑구 묵동 산46-1	공원	37.6106404	127.0923625	https://map.naver.com/p/search/%EB%B4%89%ED%99%94%EC%82%B0%EA%B7%BC%EB%A6%B0%EA%B3%B5%EC%9B%90%20%EC%84%9C%EC%9A%B8%ED%8A%B9%EB%B3%84%EC%8B%9C%20%EC%A4%91%EB%9E%91%EA%B5%AC%20%EB%AC%B5%EB%8F%99%20%EC%82%B046-1
종로구	부암동	북악산도시자연공원	서울특별시 종로구 부암동 산2-6	공원	37.5929992	126.9737295	https://map.naver.com/p/search/%EB%B6%81%EC%95%85%EC%82%B0%EB%8F%84%EC%8B%9C%EC%9E%90%EC%97%B0%EA%B3%B5%EC%9B%90%20%EC%84%9C%EC%9A%B8%ED%8A%B9%EB%B3%84%EC%8B%9C%20%EC%A2%85%EB%A1%9C%EA%B5%AC%20%EB%B6%80%EC%95%94%EB%8F%99%20%EC%82%B02-6
강북구 등		북한산국립공원	서울특별시 강북구, 도봉구, 서대문구, 성북구, 은평구, 종로구 일대  경기도 고양시, 양주시, 의정부시 일대	공원	37.624549	127.000938	https://www.knps.or.kr/front/portal/visit/visitCourseMain.do?parkId=121500&menuNo=7020092
마포구		외국인묘지공원	서울특별시 마포구 양화진길 46(외국인묘지공원)	공원	37.546797	126.911414	https://map.naver.com/p/search/%EC%99%B8%EA%B5%AD%EC%9D%B8%EB%AC%98%EC%A7%80%EA%B3%B5%EC%9B%90%20%EC%84%9C%EC%9A%B8%ED%8A%B9%EB%B3%84%EC%8B%9C%20%EB%A7%88%ED%8F%AC%EA%B5%AC%20%EC%96%91%ED%99%94%EC%A7%84%EA%B8%B8%2046%28%EC%99%B8%EA%B5%AD%EC%9D%B8%EB%AC%98%EC%A7%80%EA%B3%B5%EC%9B%90%29
은평구	불광동	불광근린공원	서울특별시 은평구 불광동 산33-1	공원	37.6188016	126.9298962	https://map.naver.com/p/search/%EB%B6%88%EA%B4%91%EA%B7%BC%EB%A6%B0%EA%B3%B5%EC%9B%90%20%EC%84%9C%EC%9A%B8%ED%8A%B9%EB%B3%84%EC%8B%9C%20%EC%9D%80%ED%8F%89%EA%B5%AC%20%EB%B6%88%EA%B4%91%EB%8F%99%20%EC%82%B033-1
노원구		불암산도시자연공원	서울특별시 노원구 한글비석로12길 51-33(불암산공원)	공원	37.6636719	127.0952714	https://map.naver.com/p/search/%EB%B6%88%EC%95%94%EC%82%B0%EB%8F%84%EC%8B%9C%EC%9E%90%EC%97%B0%EA%B3%B5%EC%9B%90%20%EC%84%9C%EC%9A%B8%ED%8A%B9%EB%B3%84%EC%8B%9C%20%EB%85%B8%EC%9B%90%EA%B5%AC%20%ED%95%9C%EA%B8%80%EB%B9%84%EC%84%9D%EB%A1%9C12%EA%B8%B8%2051-33%28%EB%B6%88%EC%95%94%EC%82%B0%EA%B3%B5%EC%9B%90%29
중랑구	면목동	용마폭포공원	서울특별시 중랑구 면목동 산1-4	공원	37.5731968	127.0905888	https://map.naver.com/p/search/%EC%9A%A9%EB%A7%88%ED%8F%AD%ED%8F%AC%EA%B3%B5%EC%9B%90%20%EC%84%9C%EC%9A%B8%ED%8A%B9%EB%B3%84%EC%8B%9C%20%EC%A4%91%EB%9E%91%EA%B5%AC%20%EB%A9%B4%EB%AA%A9%EB%8F%99%20%EC%82%B01-4
동작구		사육신공원	서울특별시 동작구 노량진로 191	공원	37.5137049	126.948636	https://map.naver.com/p/search/%EC%82%AC%EC%9C%A1%EC%8B%A0%EA%B3%B5%EC%9B%90%20%EC%84%9C%EC%9A%B8%ED%8A%B9%EB%B3%84%EC%8B%9C%20%EB%8F%99%EC%9E%91%EA%B5%AC%20%EB%85%B8%EB%9F%89%EC%A7%84%EB%A1%9C%20191
양천구	목동	용왕산근린공원	서울특별시 양천구 목동 199-51	공원	37.5429593	126.8783125	https://map.naver.com/p/search/%EC%9A%A9%EC%99%95%EC%82%B0%EA%B7%BC%EB%A6%B0%EA%B3%B5%EC%9B%90%20%EC%84%9C%EC%9A%B8%ED%8A%B9%EB%B3%84%EC%8B%9C%20%EC%96%91%EC%B2%9C%EA%B5%AC%20%EB%AA%A9%EB%8F%99%20199-51
종로구		사직근린공원	서울특별시 종로구 사직로9길 5	공원	37.5759864	126.9674018	https://map.naver.com/p/search/%EC%82%AC%EC%A7%81%EA%B7%BC%EB%A6%B0%EA%B3%B5%EC%9B%90%20%EC%84%9C%EC%9A%B8%ED%8A%B9%EB%B3%84%EC%8B%9C%20%EC%A2%85%EB%A1%9C%EA%B5%AC%20%EC%82%AC%EC%A7%81%EB%A1%9C9%EA%B8%B8%205
강서구	내발산동	우장산근린공원	서울특별시 강서구 내발산동 산4-5	공원	37.5541932	126.844932	https://map.naver.com/p/search/%EC%9A%B0%EC%9E%A5%EC%82%B0%EA%B7%BC%EB%A6%B0%EA%B3%B5%EC%9B%90%20%EC%84%9C%EC%9A%B8%ED%8A%B9%EB%B3%84%EC%8B%9C%20%EA%B0%95%EC%84%9C%EA%B5%AC%20%EB%82%B4%EB%B0%9C%EC%82%B0%EB%8F%99%20%EC%82%B04-5
동작구	사당동	삼일근린공원	서울특별시 동작구 사당동 산24-17	공원	37.4860183	126.9743686	https://map.naver.com/p/search/%EC%82%BC%EC%9D%BC%EA%B7%BC%EB%A6%B0%EA%B3%B5%EC%9B%90%20%EC%84%9C%EC%9A%B8%ED%8A%B9%EB%B3%84%EC%8B%9C%20%EB%8F%99%EC%9E%91%EA%B5%AC%20%EC%82%AC%EB%8B%B9%EB%8F%99%20%EC%82%B024-17
종로구		삼청근린공원	서울특별시 종로구 북촌로 134-1 (우) 03050	공원	37.5895821	126.9842875	https://map.naver.com/p/search/%EC%82%BC%EC%B2%AD%EA%B7%BC%EB%A6%B0%EA%B3%B5%EC%9B%90%20%EC%84%9C%EC%9A%B8%ED%8A%B9%EB%B3%84%EC%8B%9C%20%EC%A2%85%EB%A1%9C%EA%B5%AC%20%EB%B6%81%EC%B4%8C%EB%A1%9C%20134-1%20%28%EC%9A%B0%29%2003050
종로구	옥인동	인왕산도시자연공원	서울특별시 종로구 옥인동 산 3-1	공원	37.5849001	126.9578438	https://map.naver.com/p/search/%EC%9D%B8%EC%99%95%EC%82%B0%EB%8F%84%EC%8B%9C%EC%9E%90%EC%97%B0%EA%B3%B5%EC%9B%90%20%EC%84%9C%EC%9A%B8%ED%8A%B9%EB%B3%84%EC%8B%9C%20%EC%A2%85%EB%A1%9C%EA%B5%AC%20%EC%98%A5%EC%9D%B8%EB%8F%99%20%EC%82%B0%203-1
동작구		상도근린공원	서울특별시 동작구 성대로6사길 27-6(상도공원)	공원	37.492299	126.9385469	https://map.naver.com/p/search/%EC%83%81%EB%8F%84%EA%B7%BC%EB%A6%B0%EA%B3%B5%EC%9B%90%20%EC%84%9C%EC%9A%B8%ED%8A%B9%EB%B3%84%EC%8B%9C%20%EB%8F%99%EC%9E%91%EA%B5%AC%20%EC%84%B1%EB%8C%80%EB%A1%9C6%EC%82%AC%EA%B8%B8%2027-6%28%EC%83%81%EB%8F%84%EA%B3%B5%EC%9B%90%29
강동구	강동	일자산근린공원	서울특별시 강동구 동남로 660(일자산공원)	공원	37.5431657	127.1574587	https://map.naver.com/p/search/%EC%9D%BC%EC%9E%90%EC%82%B0%EA%B7%BC%EB%A6%B0%EA%B3%B5%EC%9B%90%20%EC%84%9C%EC%9A%B8%ED%8A%B9%EB%B3%84%EC%8B%9C%20%EA%B0%95%EB%8F%99%EA%B5%AC%20%EB%8F%99%EB%82%A8%EB%A1%9C%20660%28%EC%9D%BC%EC%9E%90%EC%82%B0%EA%B3%B5%EC%9B%90%29
도봉구	쌍문동	쌍문근린공원	서울특별시 도봉구 쌍문동 산80	공원	37.6531456	127.0271316	https://map.naver.com/p/search/%EC%8C%8D%EB%AC%B8%EA%B7%BC%EB%A6%B0%EA%B3%B5%EC%9B%90%20%EC%84%9C%EC%9A%B8%ED%8A%B9%EB%B3%84%EC%8B%9C%20%EB%8F%84%EB%B4%89%EA%B5%AC%20%EC%8C%8D%EB%AC%B8%EB%8F%99%20%EC%82%B080
노원구	상계동	수락산도시자연공원	서울특별시 노원구 상계동 산3-1	공원	37.699232	127.0813633	https://map.naver.com/p/search/%EC%88%98%EB%9D%BD%EC%82%B0%EB%8F%84%EC%8B%9C%EC%9E%90%EC%97%B0%EA%B3%B5%EC%9B%90%20%EC%84%9C%EC%9A%B8%ED%8A%B9%EB%B3%84%EC%8B%9C%20%EB%85%B8%EC%9B%90%EA%B5%AC%20%EC%83%81%EA%B3%84%EB%8F%99%20%EC%82%B03-1
송파구	잠실동	송파나루근린공원(석촌호수)	서울특별시 송파구 잠실로 148 (잠실동)	공원	37.5069328	127.0983002	https://map.naver.com/p/search/%EC%86%A1%ED%8C%8C%EB%82%98%EB%A3%A8%EA%B7%BC%EB%A6%B0%EA%B3%B5%EC%9B%90%28%EC%84%9D%EC%B4%8C%ED%98%B8%EC%88%98%29%20%EC%84%9C%EC%9A%B8%ED%8A%B9%EB%B3%84%EC%8B%9C%20%EC%86%A1%ED%8C%8C%EA%B5%AC%20%EC%9E%A0%EC%8B%A4%EB%A1%9C%20148%20%28%EC%9E%A0%EC%8B%A4%EB%8F%99%29
영등포구	당산동	선유도근린공원	서울특별시 영등포구 선유로 343 (당산동 1) 선유도공원관리사무소	공원	37.543418	126.90014	http://parks.seoul.go.kr/template/sub/seonyudo.do
중구		손기정체육공원	서울특별시 중구 손기정로 101	공원	37.5560189	126.9652702	https://map.naver.com/p/search/%EC%86%90%EA%B8%B0%EC%A0%95%EC%B2%B4%EC%9C%A1%EA%B3%B5%EC%9B%90%20%EC%84%9C%EC%9A%B8%ED%8A%B9%EB%B3%84%EC%8B%9C%20%EC%A4%91%EA%B5%AC%20%EC%86%90%EA%B8%B0%EC%A0%95%EB%A1%9C%20101
성북구	돈암동	성북근린공원	서울특별시 성북구 돈암동 616-1055	공원	37.5948509	127.0078625	https://map.naver.com/p/search/%EC%84%B1%EB%B6%81%EA%B7%BC%EB%A6%B0%EA%B3%B5%EC%9B%90%20%EC%84%9C%EC%9A%B8%ED%8A%B9%EB%B3%84%EC%8B%9C%20%EC%84%B1%EB%B6%81%EA%B5%AC%20%EB%8F%88%EC%95%94%EB%8F%99%20616-1055
강서구	화곡동	봉제산공원	서울특별시 강서구 화곡동 산41-6	공원	37.5421979	126.8517836	https://map.naver.com/p/search/%EB%B4%89%EC%A0%9C%EC%82%B0%EA%B3%B5%EC%9B%90%20%EC%84%9C%EC%9A%B8%ED%8A%B9%EB%B3%84%EC%8B%9C%20%EA%B0%95%EC%84%9C%EA%B5%AC%20%ED%99%94%EA%B3%A1%EB%8F%99%20%EC%82%B041-6
도봉구		서울창포원	서울특별시 도봉구 마들로 916(서울창포원)	공원	37.689585	127.047938	http://parks.seoul.go.kr/template/sub/irisgarden.do
강북구		북서울꿈의숲	서울특별시 강북구 월계로 173	공원	37.6233355	127.0407344	http://parks.seoul.go.kr/template/sub/dreamforest.do
양천구	신월동	서서울호수공원	서울특별시 양천구 남부순환로64길 20 (신월동)	공원	37.5278392	126.8304789	http://parks.seoul.go.kr/template/sub/lakepark.do
중랑구	망우동	중랑캠핑숲	서울특별시 중랑구 송림길 160(중랑캠핑숲)/중랑구 망우동 74(청소년체험의숲)	공원	37.6049896	127.1093075	http://parks.seoul.go.kr/template/sub/JungnangCampGround.do
강북구	우이동	솔밭근린공원	서울특별시 강북구 우이동 80번지 일대	공원	37.652331	127.0116241	https://map.naver.com/p/search/%EC%86%94%EB%B0%AD%EA%B7%BC%EB%A6%B0%EA%B3%B5%EC%9B%90%20%EC%84%9C%EC%9A%B8%ED%8A%B9%EB%B3%84%EC%8B%9C%20%EA%B0%95%EB%B6%81%EA%B5%AC%20%EC%9A%B0%EC%9D%B4%EB%8F%99%2080%EB%B2%88%EC%A7%80%20%EC%9D%BC%EB%8C%80
금천구	독산동	금천체육공원(관악산)	서울특별시 금천구 독산동 산118-4 일대 (금천체육공원)	공원	37.468164	126.908681	https://map.naver.com/p/search/%EA%B8%88%EC%B2%9C%EC%B2%B4%EC%9C%A1%EA%B3%B5%EC%9B%90%28%EA%B4%80%EC%95%85%EC%82%B0%29%20%EC%84%9C%EC%9A%B8%ED%8A%B9%EB%B3%84%EC%8B%9C%20%EA%B8%88%EC%B2%9C%EA%B5%AC%20%EB%8F%85%EC%82%B0%EB%8F%99%20%EC%82%B0118-4%20%EC%9D%BC%EB%8C%80%20%28%EA%B8%88%EC%B2%9C%EC%B2%B4%EC%9C%A1%EA%B3%B5%EC%9B%90%29
금천구	시흥동	금천폭포근린공원	서울특별시 금천구 시흥대로38길 61(시흥동 937-2)	공원	37.4468663	126.9040127	https://map.naver.com/p/search/%EA%B8%88%EC%B2%9C%ED%8F%AD%ED%8F%AC%EA%B7%BC%EB%A6%B0%EA%B3%B5%EC%9B%90%20%EC%84%9C%EC%9A%B8%ED%8A%B9%EB%B3%84%EC%8B%9C%20%EA%B8%88%EC%B2%9C%EA%B5%AC%20%EC%8B%9C%ED%9D%A5%EB%8C%80%EB%A1%9C38%EA%B8%B8%2061%28%EC%8B%9C%ED%9D%A5%EB%8F%99%20937-2%29
금천구	독산동	만수천공원(관악산)	서울특별시 금천구 독산동 산8 일대	공원	37.4734274	126.9090028	https://map.naver.com/p/search/%EB%A7%8C%EC%88%98%EC%B2%9C%EA%B3%B5%EC%9B%90%28%EA%B4%80%EC%95%85%EC%82%B0%29%20%EC%84%9C%EC%9A%B8%ED%8A%B9%EB%B3%84%EC%8B%9C%20%EA%B8%88%EC%B2%9C%EA%B5%AC%20%EB%8F%85%EC%82%B0%EB%8F%99%20%EC%82%B08%20%EC%9D%BC%EB%8C%80
도봉구		발바닥공원	서울특별시 도봉구 시루봉로6길 33	공원	37.6597135	127.031982	https://map.naver.com/p/search/%EB%B0%9C%EB%B0%94%EB%8B%A5%EA%B3%B5%EC%9B%90%20%EC%84%9C%EC%9A%B8%ED%8A%B9%EB%B3%84%EC%8B%9C%20%EB%8F%84%EB%B4%89%EA%B5%AC%20%EC%8B%9C%EB%A3%A8%EB%B4%89%EB%A1%9C6%EA%B8%B8%2033
도봉구	창동	월천근린공원	서울특별시 도봉구 창동 28번지	공원	37.6473889	127.0509895	https://map.naver.com/p/search/%EC%9B%94%EC%B2%9C%EA%B7%BC%EB%A6%B0%EA%B3%B5%EC%9B%90%20%EC%84%9C%EC%9A%B8%ED%8A%B9%EB%B3%84%EC%8B%9C%20%EB%8F%84%EB%B4%89%EA%B5%AC%20%EC%B0%BD%EB%8F%99%2028%EB%B2%88%EC%A7%80
동대문구	용두동	용두근린공원	서울특별시 동대문구 용두동 34-1번지 일대	공원	37.5732791	127.0390042	https://map.naver.com/p/search/%EC%9A%A9%EB%91%90%EA%B7%BC%EB%A6%B0%EA%B3%B5%EC%9B%90%20%EC%84%9C%EC%9A%B8%ED%8A%B9%EB%B3%84%EC%8B%9C%20%EB%8F%99%EB%8C%80%EB%AC%B8%EA%B5%AC%20%EC%9A%A9%EB%91%90%EB%8F%99%2034-1%EB%B2%88%EC%A7%80%20%EC%9D%BC%EB%8C%80
마포구	상암동	상암근린공원	서울특별시 마포구 상암동 1761	공원	37.5760106	126.8859012	https://map.naver.com/p/search/%EC%83%81%EC%95%94%EA%B7%BC%EB%A6%B0%EA%B3%B5%EC%9B%90%20%EC%84%9C%EC%9A%B8%ED%8A%B9%EB%B3%84%EC%8B%9C%20%EB%A7%88%ED%8F%AC%EA%B5%AC%20%EC%83%81%EC%95%94%EB%8F%99%201761
마포구	창전동	와우근린공원	서울특별시 마포구 창전동 3-193번지 일대(홍익대 뒷산)	공원	37.5517298	126.9289936	https://map.naver.com/p/search/%EC%99%80%EC%9A%B0%EA%B7%BC%EB%A6%B0%EA%B3%B5%EC%9B%90%20%EC%84%9C%EC%9A%B8%ED%8A%B9%EB%B3%84%EC%8B%9C%20%EB%A7%88%ED%8F%AC%EA%B5%AC%20%EC%B0%BD%EC%A0%84%EB%8F%99%203-193%EB%B2%88%EC%A7%80%20%EC%9D%BC%EB%8C%80%28%ED%99%8D%EC%9D%B5%EB%8C%80%20%EB%92%B7%EC%82%B0%29
성동구	성동	금호근린공원	서울특별시 성동구 장터1길 18	공원	37.5494726	127.0189457	https://map.naver.com/p/search/%EA%B8%88%ED%98%B8%EA%B7%BC%EB%A6%B0%EA%B3%B5%EC%9B%90%20%EC%84%9C%EC%9A%B8%ED%8A%B9%EB%B3%84%EC%8B%9C%20%EC%84%B1%EB%8F%99%EA%B5%AC%20%EC%9E%A5%ED%84%B01%EA%B8%B8%2018
성동구	성동|옥수동	달맞이근린공원	서울특별시 성동구 옥수동 산1-1	공원	37.543564	127.0212054	https://map.naver.com/p/search/%EB%8B%AC%EB%A7%9E%EC%9D%B4%EA%B7%BC%EB%A6%B0%EA%B3%B5%EC%9B%90%20%EC%84%9C%EC%9A%B8%ED%8A%B9%EB%B3%84%EC%8B%9C%20%EC%84%B1%EB%8F%99%EA%B5%AC%20%EC%98%A5%EC%88%98%EB%8F%99%20%EC%82%B01-1
송파구	문정동	문정근린공원	서울특별시 송파구 문정동 18-4	공원	37.4862156	127.1275819	https://map.naver.com/p/search/%EB%AC%B8%EC%A0%95%EA%B7%BC%EB%A6%B0%EA%B3%B5%EC%9B%90%20%EC%84%9C%EC%9A%B8%ED%8A%B9%EB%B3%84%EC%8B%9C%20%EC%86%A1%ED%8C%8C%EA%B5%AC%20%EB%AC%B8%EC%A0%95%EB%8F%99%2018-4
서초구	양재동	문화예술공원	서울특별시 서초구 바우뫼로12길 40 (양재동)	공원	37.467654	127.030517	https://map.naver.com/p/search/%EB%AC%B8%ED%99%94%EC%98%88%EC%88%A0%EA%B3%B5%EC%9B%90%20%EC%84%9C%EC%9A%B8%ED%8A%B9%EB%B3%84%EC%8B%9C%20%EC%84%9C%EC%B4%88%EA%B5%AC%20%EB%B0%94%EC%9A%B0%EB%AB%BC%EB%A1%9C12%EA%B8%B8%2040%20%28%EC%96%91%EC%9E%AC%EB%8F%99%29
종로구		세종로공원	서울특별시 종로구 세종대로 189 (우) 03172	공원	37.5735	126.9758875	https://map.naver.com/p/search/%EC%84%B8%EC%A2%85%EB%A1%9C%EA%B3%B5%EC%9B%90%20%EC%84%9C%EC%9A%B8%ED%8A%B9%EB%B3%84%EC%8B%9C%20%EC%A2%85%EB%A1%9C%EA%B5%AC%20%EC%84%B8%EC%A2%85%EB%8C%80%EB%A1%9C%20189%20%28%EC%9A%B0%29%2003172
관악구	대학동	샘말공원(관악산근린공원 샘말지구)	서울특별시 관악구 대학동 산63-1일대 샘말공원	공원	37.4642128	126.938511	https://map.naver.com/p/search/%EC%83%98%EB%A7%90%EA%B3%B5%EC%9B%90%28%EA%B4%80%EC%95%85%EC%82%B0%EA%B7%BC%EB%A6%B0%EA%B3%B5%EC%9B%90%20%EC%83%98%EB%A7%90%EC%A7%80%EA%B5%AC%29%20%EC%84%9C%EC%9A%B8%ED%8A%B9%EB%B3%84%EC%8B%9C%20%EA%B4%80%EC%95%85%EA%B5%AC%20%EB%8C%80%ED%95%99%EB%8F%99%20%EC%82%B063-1%EC%9D%BC%EB%8C%80%20%EC%83%98%EB%A7%90%EA%B3%B5%EC%9B%90
도봉구	창동	초안산생태공원	서울특별시 도봉구 창동 산24	공원	37.6479483	127.0405382	https://map.naver.com/p/search/%EC%B4%88%EC%95%88%EC%82%B0%EC%83%9D%ED%83%9C%EA%B3%B5%EC%9B%90%20%EC%84%9C%EC%9A%B8%ED%8A%B9%EB%B3%84%EC%8B%9C%20%EB%8F%84%EB%B4%89%EA%B5%AC%20%EC%B0%BD%EB%8F%99%20%EC%82%B024
구로구	항동	푸른수목원	서울특별시 구로구 서해안로 2117(항동81-1) 푸른수목원관리사무소	공원	37.483029	126.82407	http://parks.seoul.go.kr/template/sub/pureun.do
은평구	구파발동|갈현동|진관내동	서오능도시자연공원	서울특별시 은평구 구파발동 갈현동 진관내동	공원	37.6374823	126.9134338	https://map.naver.com/p/search/%EC%84%9C%EC%98%A4%EB%8A%A5%EB%8F%84%EC%8B%9C%EC%9E%90%EC%97%B0%EA%B3%B5%EC%9B%90%20%EC%84%9C%EC%9A%B8%ED%8A%B9%EB%B3%84%EC%8B%9C%20%EC%9D%80%ED%8F%89%EA%B5%AC%20%EA%B5%AC%ED%8C%8C%EB%B0%9C%EB%8F%99%20%EA%B0%88%ED%98%84%EB%8F%99%20%EC%A7%84%EA%B4%80%EB%82%B4%EB%8F%99
서초구	원지동	청계산도시자연공원	서울특별시 서초구 원지동 산 33	공원	37.4224347	127.0424726	https://map.naver.com/p/search/%EC%B2%AD%EA%B3%84%EC%82%B0%EB%8F%84%EC%8B%9C%EC%9E%90%EC%97%B0%EA%B3%B5%EC%9B%90%20%EC%84%9C%EC%9A%B8%ED%8A%B9%EB%B3%84%EC%8B%9C%20%EC%84%9C%EC%B4%88%EA%B5%AC%20%EC%9B%90%EC%A7%80%EB%8F%99%20%EC%82%B0%2033
강서구	개화동	개화근린공원	서울특별시 강서구 개화동 산17	공원	37.5813917	126.8068278	https://map.naver.com/p/search/%EA%B0%9C%ED%99%94%EA%B7%BC%EB%A6%B0%EA%B3%B5%EC%9B%90%20%EC%84%9C%EC%9A%B8%ED%8A%B9%EB%B3%84%EC%8B%9C%20%EA%B0%95%EC%84%9C%EA%B5%AC%20%EA%B0%9C%ED%99%94%EB%8F%99%20%EC%82%B017
광진구	광장동	아차산공원	서울특별시 광진구 광장동 370	공원	37.5517142	127.1010031	https://map.naver.com/p/search/%EC%95%84%EC%B0%A8%EC%82%B0%EA%B3%B5%EC%9B%90%20%EC%84%9C%EC%9A%B8%ED%8A%B9%EB%B3%84%EC%8B%9C%20%EA%B4%91%EC%A7%84%EA%B5%AC%20%EA%B4%91%EC%9E%A5%EB%8F%99%20370
서초구	내곡동	인능산도시자연공원	서울특별시 서초구 내곡동 산12-404	공원	37.4482109	127.0666632	https://map.naver.com/p/search/%EC%9D%B8%EB%8A%A5%EC%82%B0%EB%8F%84%EC%8B%9C%EC%9E%90%EC%97%B0%EA%B3%B5%EC%9B%90%20%EC%84%9C%EC%9A%B8%ED%8A%B9%EB%B3%84%EC%8B%9C%20%EC%84%9C%EC%B4%88%EA%B5%AC%20%EB%82%B4%EA%B3%A1%EB%8F%99%20%EC%82%B012-404
서초구	염곡동	구룡산도시자연공원	서울특별시 서초구 염곡동 산25-1	공원	37.4689473	127.061567	https://map.naver.com/p/search/%EA%B5%AC%EB%A3%A1%EC%82%B0%EB%8F%84%EC%8B%9C%EC%9E%90%EC%97%B0%EA%B3%B5%EC%9B%90%20%EC%84%9C%EC%9A%B8%ED%8A%B9%EB%B3%84%EC%8B%9C%20%EC%84%9C%EC%B4%88%EA%B5%AC%20%EC%97%BC%EA%B3%A1%EB%8F%99%20%EC%82%B025-1
서초구	우면동	우면산도시자연공원	서울특별시 서초구 우면동 산35-1	공원	37.470484	127.0091324	https://map.naver.com/p/search/%EC%9A%B0%EB%A9%B4%EC%82%B0%EB%8F%84%EC%8B%9C%EC%9E%90%EC%97%B0%EA%B3%B5%EC%9B%90%20%EC%84%9C%EC%9A%B8%ED%8A%B9%EB%B3%84%EC%8B%9C%20%EC%84%9C%EC%B4%88%EA%B5%AC%20%EC%9A%B0%EB%A9%B4%EB%8F%99%20%EC%82%B035-1
은평구	진관동	향림근린공원	서울특별시 은평구 진관동 산55	공원	37.6293824	126.9240693	https://map.naver.com/p/search/%ED%96%A5%EB%A6%BC%EA%B7%BC%EB%A6%B0%EA%B3%B5%EC%9B%90%20%EC%84%9C%EC%9A%B8%ED%8A%B9%EB%B3%84%EC%8B%9C%20%EC%9D%80%ED%8F%89%EA%B5%AC%20%EC%A7%84%EA%B4%80%EB%8F%99%20%EC%82%B055
은평구	신사동	신사근린공원	서울특별시 은평구 신사동 산80-4	공원	37.5920771	126.9102948	https://map.naver.com/p/search/%EC%8B%A0%EC%82%AC%EA%B7%BC%EB%A6%B0%EA%B3%B5%EC%9B%90%20%EC%84%9C%EC%9A%B8%ED%8A%B9%EB%B3%84%EC%8B%9C%20%EC%9D%80%ED%8F%89%EA%B5%AC%20%EC%8B%A0%EC%82%AC%EB%8F%99%20%EC%82%B080-4
강남구	수서동	광평근린공원	서울특별시 강남구 수서동 산10-1	공원	37.4880445	127.092184	https://map.naver.com/p/search/%EA%B4%91%ED%8F%89%EA%B7%BC%EB%A6%B0%EA%B3%B5%EC%9B%90%20%EC%84%9C%EC%9A%B8%ED%8A%B9%EB%B3%84%EC%8B%9C%20%EA%B0%95%EB%82%A8%EA%B5%AC%20%EC%88%98%EC%84%9C%EB%8F%99%20%EC%82%B010-1
강남구	청담동	청담근린공원	서울특별시 강남구 청담동 66	공원	37.5213259	127.052453	https://map.naver.com/p/search/%EC%B2%AD%EB%8B%B4%EA%B7%BC%EB%A6%B0%EA%B3%B5%EC%9B%90%20%EC%84%9C%EC%9A%B8%ED%8A%B9%EB%B3%84%EC%8B%9C%20%EA%B0%95%EB%82%A8%EA%B5%AC%20%EC%B2%AD%EB%8B%B4%EB%8F%99%2066
강동구	강동|둔촌동	허브천문공원	서울특별시 강동구 둔촌동 산94	공원	37.5372715	127.1533951	https://map.naver.com/p/search/%ED%97%88%EB%B8%8C%EC%B2%9C%EB%AC%B8%EA%B3%B5%EC%9B%90%20%EC%84%9C%EC%9A%B8%ED%8A%B9%EB%B3%84%EC%8B%9C%20%EA%B0%95%EB%8F%99%EA%B5%AC%20%EB%91%94%EC%B4%8C%EB%8F%99%20%EC%82%B094
은평구		GTX연신849광장(구 물빛공원)	서울특별시 은평구 통일로 849	공원	37.619052	126.9207354	https://map.naver.com/p/search/GTX%EC%97%B0%EC%8B%A0849%EA%B4%91%EC%9E%A5%28%EA%B5%AC%20%EB%AC%BC%EB%B9%9B%EA%B3%B5%EC%9B%90%29%20%EC%84%9C%EC%9A%B8%ED%8A%B9%EB%B3%84%EC%8B%9C%20%EC%9D%80%ED%8F%89%EA%B5%AC%20%ED%86%B5%EC%9D%BC%EB%A1%9C%20849
종로구	숭인동	숭인근린공원	서울특별시 종로구 숭인동 58	공원	37.5764419	127.0178267	https://map.naver.com/p/search/%EC%88%AD%EC%9D%B8%EA%B7%BC%EB%A6%B0%EA%B3%B5%EC%9B%90%20%EC%84%9C%EC%9A%B8%ED%8A%B9%EB%B3%84%EC%8B%9C%20%EC%A2%85%EB%A1%9C%EA%B5%AC%20%EC%88%AD%EC%9D%B8%EB%8F%99%2058
중랑구	면목동	서일대뒷산공원	서울특별시 중랑구 면목동 산19	공원	37.5877155	127.0987817	https://map.naver.com/p/search/%EC%84%9C%EC%9D%BC%EB%8C%80%EB%92%B7%EC%82%B0%EA%B3%B5%EC%9B%90%20%EC%84%9C%EC%9A%B8%ED%8A%B9%EB%B3%84%EC%8B%9C%20%EC%A4%91%EB%9E%91%EA%B5%AC%20%EB%A9%B4%EB%AA%A9%EB%8F%99%20%EC%82%B019
중랑구	면목7동	용마도시자연공원(사가정공원)	서울특별시 중랑구 면목7동 산50	공원	37.5797622	127.095997	https://map.naver.com/p/search/%EC%9A%A9%EB%A7%88%EB%8F%84%EC%8B%9C%EC%9E%90%EC%97%B0%EA%B3%B5%EC%9B%90%28%EC%82%AC%EA%B0%80%EC%A0%95%EA%B3%B5%EC%9B%90%29%20%EC%84%9C%EC%9A%B8%ED%8A%B9%EB%B3%84%EC%8B%9C%20%EC%A4%91%EB%9E%91%EA%B5%AC%20%EB%A9%B4%EB%AA%A97%EB%8F%99%20%EC%82%B050
마포구		문화비축기지	서울특별시 마포구 증산로 87	공원	37.57171848	126.8932455	http://parks.seoul.go.kr/template/sub/culturetank.do
강남구	율현동	율현공원	서울특별시 강남구 밤고개로24길 91(율현동 56)	공원	37.472332	127.115594	https://map.naver.com/p/search/%EC%9C%A8%ED%98%84%EA%B3%B5%EC%9B%90%20%EC%84%9C%EC%9A%B8%ED%8A%B9%EB%B3%84%EC%8B%9C%20%EA%B0%95%EB%82%A8%EA%B5%AC%20%EB%B0%A4%EA%B3%A0%EA%B0%9C%EB%A1%9C24%EA%B8%B8%2091%28%EC%9C%A8%ED%98%84%EB%8F%99%2056%29
중구		서울로7017	서울로7017	공원			https://parks.seoul.go.kr/template/sub/seoullo7017.do
강서구	마곡동	서울식물원	서울특별시 강서구 마곡동로 161 서울식물원	공원	37.569781	126.83483	https://botanicpark.seoul.go.kr/front/main.do
중구	의주로2가	서소문역사공원	서울특별시 중구 의주로2가 16-2	공원	37.560868	126.969742	https://parks.seoul.go.kr/parks/detailView.do?pIdx=1386
중구	순화동	순화문화공원	서울특별시 중구 순화동 216-2	공원	37.560215	126.97158400000001	https://parks.seoul.go.kr/parks/detailView.do?pIdx=1385
