연번	자치구 	시장명 	신주소(도로명 주소)	구주소(번지주소)	유형	형태	 건물연면적(㎡) 
총계	서울시	521	　	　	　	　	  
소계	종로구	35	　	　	　	　	　
1	종로구	광장시장	종로구 창경궁로 88	종로구 예지동 6-1	등록시장	건물형	             18,975
2	종로구	광장전통시장	종로구 창경궁로 88 일대	종로구 예지동 293-1	상점가	골목형	             49,384
3	종로구	낙원악기상가	서울 종로구 삼일대로 428	 	인정시장	건물형	             20,398
4	종로구	동대문문구·완구거리	종로구 종로52길 36 일대	종로구 창신동 390-29 일대	상점가	골목형	               8,693
5	종로구	동대문상가A동	종로구 청계천로 295	종로구 창신동 436-79	무등록시장	건물형	               4,735
6	종로구	동대문상가B동	종로구 청계천로 307	종로구 창신동 436-78	무등록시장	건물형	               4,735
7	종로구	동대문상가C동	종로구 청계천로 319	종로구 창신동 436-65	무등록시장	건물형	               4,735
8	종로구	동대문상가D동(일신파워빌딩)	종로구 청계천로 331	종로구 창신동 436-64	무등록시장	건물형	               8,370
9	종로구	동대문역일번출구 골목형상점가	서울 종로구 종로 293	 	골목형상점가	골목형	                    -
10	종로구	동대문종합시장	종로구 종로 266	종로구 종로6가 289-42	등록시장	건물형	             61,475
11	종로구	동대문종합시장D동	종로구 종로 266	종로구 종로6가 262-1	등록시장	건물형	             12,452
12	종로구	동대문종합시장신관	종로구 종로272	종로구 종로6가 289-57	등록시장	건물형	             13,533
13	종로구	동대문지하쇼핑센터	종로구 율곡로 지하 308	종로구 종로6가 287-1 일대	인정시장	지하도상가	               2,285
14	종로구	동묘시장	종로구 종로 58길40	종로구 숭인동 241-1 일대	상점가	골목형	               5,480
15	종로구	동문시장	종로구 종로44길 14	종로구 창신동 437-1	등록시장	건물형	               3,226
16	종로구	마전교지하쇼핑센터	종로구 동호로 지하 398	종로구 종로5가 194-1 일대	인정시장	지하도상가	               1,210
17	종로구	보령약국골목상가	서울 종로구 종로31길 22	서울 종로구 연지동 254-1	상점가	상점가	               1,336
18	종로구	북촌계동길 골목형상점가	서울 종로구 계동길 52-12	서울 종로구 계동 140-68	골목형상점가	골목형	               5,680
19	종로구	삼청정독길 골목형상점가	서울 종로구 율곡로1길 52	서울 종로구 사간동 11-2	골목형상점가	골목형	               2,869
20	종로구	세운상가가동	종로구 청계천로 159	종로구 장사동 116-4	상점가	건물형	             10,818
21	종로구	세종마을음식문화거리	종로구 자하문로 1길 일대	종로구 내자동 1-2 일대	상점가	골목형	               5,850
22	종로구	신설종합시장	종로구 난계로27길 51	종로구 숭인동 206-9	등록시장	건물형	               1,691
23	종로구	종각지하쇼핑센터	종로구 종로 지하 73	종로구 종로2가 11-1 일대	등록시장	지하도상가	               4,723
24	종로구	종로4가지하쇼핑센터	종로구 창경궁로 지하 81	종로구 예지동 187-2 일대	인정시장	지하도상가	               2,997
25	종로구	종로5가대로 골목형상점가	서울 종로구 종로 221	서울 종로구 종로5가 76	골목형상점가	골목형	                    -
26	종로구	종로5가역 일번출구 상점가	서울 종로구 종로 211-1	 	상점가	상점가	                    -
27	종로구	종로5가육번출구 골목형상점가	서울 종로구 종로 224-1	서울 종로구 종로5가 182-1	골목형상점가	골목형	                    -
28	종로구	종로신백제 골목형상점가	서울 종로구 종로 243	서울 종로구 종로5가 20-1	골목형상점가	골목형	               3,052
29	종로구	종로신진시장	종로구 종로38길16 일대	종로구 종로5가 225-21 일대	인정시장	골목형	               1,336
30	종로구	종오지하쇼핑센터	종로구 종로 지하 200	종로구 종로4가 176-1 일대	등록시장	지하도상가	               4,165
31	종로구	창신골목시장	종로구 종로51길 18 일대	종로구 창신동 142-33 일대	상점가	골목형	               6,000
32	종로구	충신시장	종로구 율곡로22길 일대	종로구 충신동 35-8 일대	상점가	골목형	               1,000
33	종로구	통인시장	서울 종로구 자하문로15길 18	서울 종로구 통인동 10-3	인정시장	골목형	               4,421
34	종로구	평창동 골목형상점가	서울 종로구 평창11길 5	서울 종로구 평창동 339	골목형상점가	골목형	                    -
35	종로구	한일상가	종로구 청계천로 229	종로구 종로5가 314-7	인정시장	건물형	               4,894
소계	중구	53	　	　	　	　	　
36	중구	Team204 (팀204)	서울특별시 중구 마장로 30	서울특별시 중구 신당동 204-48	인정시장	건물형	               5,880
37	중구	광희패션몰	서울특별시 중구 마장로1길 21	서울특별시 중구 신당동 777	등록시장	건물형	               8,601
38	중구	남대문로 골목형상점가	서울 중구 남대문로 2	서울 중구 남대문로4가 20-10	골목형상점가	골목형	               2,248
39	중구	남대문로 지하상가	서울특별시 중구 남대문로 14	서울특별시 중구 중구 남대문로3가 13-3	인정시장	지하도상가	               2,163
40	중구	남대문시장	서울특별시 중구 남대문시장4길 21	서울특별시 중구 남창동 49	등록시장	건물형	             64,613
41	중구	남평화시장	서울특별시 중구 장충단로 282-10	서울특별시 중구 신당동 772	등록시장	건물형	               7,266
42	중구	대림상가	서울특별시 중구 을지로 157	서울특별시 중구 을지로4가 9-6	등록시장	건물형	             10,956
43	중구	동평화시장	서울특별시 중구 청계천로 318	서울특별시 중구 신당동 217-92, 95~97	인정시장	건물형	             24,768
44	중구	동화동 골목형상점가	서울특별시 중구 다산로42나길 46	서울특별시 중구 신당동 846	골목형상점가	골목형	             12,513
45	중구	동화상가	서울특별시 중구 장충단로 13길 34	서울특별시 중구 을지로6가 17-145	등록시장	건물형	             18,707
46	중구	명동남산골 골목형상점가	서울특별시 중구 퇴계로20길 18	서울특별시 중구 남산동2가 10-1 ~ 남산동2가 29-6	골목형상점가	골목형	               5,566
47	중구	명동역지하도상가	서울특별시 중구 퇴계로 지하 124	서울특별시 중구 충무로2가 65-12	인정시장	지하도상가	               2,215
48	중구	명동지하쇼핑센터	서울특별시 중구 남대문로지하 72	서울특별시 중구 남대문로2가 123	인정시장	지하도상가	               3,838
49	중구	방산시장	서울특별시 중구 을지로33길 18-1	서울특별시 중구 주교동 250-1	상점가	상점가	             66,691
50	중구	방산종합시장	서울특별시 중구 동호로37길 20	서울특별시 중구 주교동 19-1	등록시장	건물형	             23,336
51	중구	백학시장	서울특별시 중구 퇴계로86길 22	서울특별시 중구 신당동 132-32	상점가	상점가	               5,291
52	중구	벨포스트 (舊에리어식스)	서울특별시 중구 마장로 19	서울특별시 중구 신당동 776	등록시장	건물형	               4,379
53	중구	삼익패션타운	서울특별시 중구 남대문시장8길 7	서울특별시 중구 남창동 5	등록시장	건물형	             29,620
54	중구	서울중앙시장	서울특별시 중구 퇴계로85길 36	서울특별시 중구 황학동 442	등록시장	골목형	             24,522
55	중구	성요셉거리 골목형상점가	서울 중구 서소문로6길 6	서울 중구 중림동 156-98	골목형상점가	골목형	               2,775
56	중구	소공지하도상가	서울특별시 중구 소공로지하 102	서울특별시 중구 소공동 87	인정시장	지하도상가	               3,517
57	중구	숭례문수입상가	서울특별시 중구 소월로 3	서울특별시 중구 남창동 51-1	등록시장	건물형	             45,479
58	중구	시청광장 지하쇼핑센터	서울특별시 중구 을지로지하 12	서울특별시 중구 을지로2가 12	인정시장	지하도상가	               2,087
59	중구	신당 미래유산 먹거리 골목형상점가	서울특별시 중구 다산로 221	서울특별시 중구 신당동 292-175	골목형상점가	골목형	             27,603
60	중구	신당오길 골목형상점가	서울특별시 중구 퇴계로88길 21	서울특별시 중구 신당동 152-1	골목형상점가	골목형	               6,891
61	중구	신중부시장	서울 중구 을지로32길 34	 	인정시장	골목형	               7,523
62	중구	신중앙시장	서울특별시 중구 퇴계로85길 36	서울특별시 중구 황학동 442	인정시장	골목형	               9,137
63	중구	신평화패션타운	서울특별시 중구 청계천로 298	서울특별시 중구 신당동 217-1	인정시장	건물형	             13,494
64	중구	아트프라자	서울특별시 중구 마장로1길 28	서울특별시 중구 신당동 213-67	인정시장	건물형	               6,828
65	중구	약수시장 골목형상점가	서울 중구 동호로 173	서울 중구 신당동 372-13	골목형상점가	골목형	             43,937
66	중구	을지로지하보도쇼핑센터	서울특별시 중구 을지로 88, 131, 218	서울특별시 중구 을지로2가 161	상점가	지하도상가	             20,334
67	중구	을지명보 골목형상점가	서울 중구 마른내로2길 3	서울 중구 초동 41-1	골목형상점가	골목형	               2,807
68	중구	을지입구지하상가	서울특별시 중구 을지로지하 58	서울특별시 중구 을지로2가 197지하	상점가	지하도상가	               1,225
69	중구	인현시장	서울특별시 중구 퇴계로41길 45	서울특별시 중구 인현동2가 192-3	상점가	상점가	               6,702
70	중구	자유상가	서울특별시 중구 남대문로 36	서울특별시 중구 회현동 202-1	인정시장	건물형	               8,646
71	중구	장충남소영길 골목형상점가	서울특별시 중구 동호로24길 27-3 ~ 장충단로7길 32	서울특별시 중구 장충동2가 187-21 ~ 쌍림동 182-87	골목형상점가	골목형	             16,974
72	중구	제일평화시장	서울특별시 중구 마장로 13	서울특별시 중구 신당동 775	등록시장	건물형	               9,804
73	중구	중부시장	서울특별시 중구 을지로36길 35	서울특별시 중구 오장동 139-11	등록시장	골목형	             20,707
74	중구	청계5가쇼핑센터	서울 중구 동호로 지하 384	 	인정시장	지하도상가	               1,933
75	중구	청계6가 지하도상가	서울특별시 중구 장충단로 지하 280	서울특별시 중구 을지로6가 18-11	인정시장	지하도상가	               1,535
76	중구	청계상가	서울특별시 중구 청계천로 160	서울특별시 중구 산림동 207-1	인정시장	건물형	               5,817
77	중구	청계천공구상가	서울특별시 중구 청계천로 124	서울특별시 중구 입정동 258	상점가	상점가	               9,330
78	중구	청평화시장	서울특별시 중구 청계천로 334	서울특별시 중구 신당동 217-91	등록시장	건물형	             12,917
79	중구	충무로 골목형상점가	서울특별시 중구 충무로2길 27-1	서울특별시 중구 충무로4가 23-3	골목형상점가	골목형	             12,705
80	중구	충정로56출구 골목형상점가	서울특별시 중구 서소문로12	서울특별시 중구 중림동 398-6	골목형상점가	골목형	               5,077
81	중구	테크노상가	서울특별시 중구 마장로1가길 17	서울특별시 중구 신당동 213-51, 53	인정시장	건물형	               4,405
82	중구	통일상가	서울 중구 청계천로 260-9	 	등록시장	건물형	             15,146
83	중구	퇴계로 골목형상점가 	서울 중구 퇴계로 45	 	골목형상점가	골목형	               3,089
84	중구	평화시장	서울특별시 중구 청계천로 274	서울특별시 중구 을지로6가 17-48	등록시장	건물형	             27,704
85	중구	필동 골목형상점가	서울특별시 중구 필동로 19	서울특별시 중구 필동3가 30-2	골목형상점가	골목형	               5,063
86	중구	황학동주방가구거리 상점가	서울특별시 중구 마장로 64 ~ 난계로 189	서울특별시 중구 흥인동 2-18 ~ 황학동 1100-1	상점가	상점가	             27,603
87	중구	황학시장	서울특별시 중구 퇴계로87길	서울특별시 중구 황학동 578	인정시장	골목형	             15,225
88	중구	회현지하쇼핑센터	서울특별시 중구 소공로지하 58	서울특별시 중구 충무로1가 52-41	인정시장	지하도상가	               2,498
소계	용산구	14	　	　	　	　	　
89	용산구	경리단길남측 골목형상점가	서울 용산구 녹사평대로46길 28	서울 용산구 이태원동 373	골목형상점가	골목형	               2,160
90	용산구	로얄상가 골목형상점가	서울 용산구 이촌로 245	서울 용산구 이촌동 301-151	골목형상점가	건물형	             16,289
91	용산구	만리시장	서울특별시 용산구 효창원로 270	서울특별시 서계동 260-1	등록시장	건물형	               7,682
92	용산구	산천동 골목형상점가	서울 용산구 효창원로 12	서울 용산구 산천동 187-1	골목형상점가	골목형	               3,506
93	용산구	삼성테마트 골목형상점가	서울 용산구 원효로 51	 	골목형상점가	건물형	             12,387
94	용산구	순헌황귀비길 골목형상점가	서울 용산구 청파로47가길 3	 	골목형상점가	골목형	             14,987
95	용산구	신흥시장	서울특별시 용산구 신흥로 95-9	서울특별시 용산동2가 1-480	인정시장	골목형	                    -
96	용산구	용산용문시장	서울특별시 용산구 효창원로 40길 13	서울특별시 용문동 41-44	인정시장	골목형	               9,247
97	용산구	원효 골목형상가	서울 용산구 원효로41길 19	서울 용산구 원효로3가 36-3	골목형상점가	골목형	               2,142
98	용산구	이촌종합시장	서울특별시 용산구 이촌로75길 16-9	서울특별시 이촌동 301-154	인정시장	골목형	                    -
99	용산구	이태원시장	서울특별시 용산구 이태원로14길 6	서울특별시 이태원동 56-9	등록시장	건물형	               4,484
100	용산구	한강쇼핑센터	서울특별시 용산구 이촌로 224	서울특별시 이촌동 300-27	상점가	상점가	               5,286
101	용산구	해방촌 골목형상점가	서울 용산구 신흥로 15-1	서울 용산구 용산동2가 5-76	골목형상점가	골목형	               8,437
102	용산구	후암시장	서울특별시 용산구 한강대로104길 77	서울특별시 후암동 103	인정시장	골목형	               1,140
소계	성동구	13	　	　	　	　	　
103	성동구	금남시장	 서울특별시 성동구 금호산2길 32	 서울특별시 성동구 금호동3가 308	등록시장	골목형	               3,356
104	성동구	뚝도시장	 서울특별시 성동구 성수이로 32-15	 서울특별시 성동구 성수동2가 335-16	등록시장	골목형	               5,141
105	성동구	뚝섬역상점가	서울 성동구 아차산로 35	서울 성동구 성수동1가 656-853	상점가	상점가	               5,418
106	성동구	마장축산물시장	 서울특별시성동구 마장로35길 68	 서울특별시 성동구 마장동 439-1	인정시장	골목형	             26,313
107	성동구	사근살곶이골목형상점가시장	서울 성동구 사근동길 54-1	서울 성동구 사근동 176-36	골목형상점가	골목형	             19,657
108	성동구	성동용답상가시장	 서울특별시 성동구 용답중앙길 59	 서울특별시 성동구 용답동 57-17	인정시장	골목형	             29,118
109	성동구	성수역골목형상점가	서울 성동구 성수일로12길 26	서울 성동구 성수동2가 289-18	골목형상점가	상점가	             19,698
110	성동구	송정벚꽃골목형상점가	서울 성동구 광나루로11길 38	 	골목형상점가	골목형	             20,076
111	성동구	신금호역골목형상점가	 서울특별시 성동구 금호로149	 서울특별시 성동구 금호동2가 450-1	골목형상점가	상점가	             28,846
112	성동구	왕십리도선동상점가	 서울특별시 성동구 무학로2길 32	 서울특별시 성동구 도선동 276	상점가	상점가	               9,860
113	성동구	왕십리무학봉상점가	 서울특별시 성동구 무학봉16길 6	 서울특별시 성동구 하왕십리동 976-15	상점가	상점가	               4,241
114	성동구	한양대앞상점가	 서울특별시 성동구 마조로1길 28	 서울특별시 성동구 행당동 19-34	상점가	상점가	               6,568
115	성동구	행당시장상점가	 서울특별시 성동구 무학봉16길 20	 서울특별시 성동구 행당동 298-11	상점가	상점가	             10,030
소계	광진구	23	　	　	　	　	　
116	광진구	건대로데오거리 골목형상점가	서울 광진구 동일로20길 120	 	골목형상점가	상점가	             25,859
117	광진구	건리단길골목형상점가	서울 광진구 능동로13길 54	서울 광진구 화양동 15-54	골목형상점가	골목형	               9,905
118	광진구	광성시장	 서울특별시 광진구 능동로47길 30	 서울특별시 광진구 중곡동 229-15	등록시장	건물형	               2,136
119	광진구	노룬산골목시장	서울 광진구 뚝섬로 481	 	인정시장	골목형	               6,719
120	광진구	노룬산시장	 서울특별시 광진구 뚝섬로 491	 서울특별시 광진구 자양동 44-2	등록시장	건물형	               1,620
121	광진구	면곡시장 골목형상점가	 서울특별시 광진구 답십리로 368	 서울특별시 광진구 중곡동 580-1	골목형상점가	상점가	               1,670
122	광진구	신성시장	서울 광진구 영화사로 10	서울 광진구 중곡동 79-13	등록시장	건물형	               1,605
123	광진구	신성전통시장	서울 광진구 영화사로 16	서울 광진구 중곡동 79-12	인정시장	골목형	             21,489
124	광진구	아차산등산로 골목형 상점가	서울 광진구 천호대로129길 56	서울 광진구 구의동 29-1	골목형상점가	상점가	             20,560
125	광진구	영동교골목시장	서울 광진구 뚝섬로 481	 	인정시장	골목형	             12,744
126	광진구	이튼타워리버3차 골목형 상점가	서울 광진구 능동로 18	서울 광진구 자양동 855	골목형상점가	상점가	             57,938
127	광진구	자마장시장골목형상점가	서울 광진구 자양로11길 66	서울 광진구 자양동 634-3	골목형상점가	상점가	             16,386
128	광진구	자양15번가 골목형상점가	서울 광진구 자양로15길 69	서울 광진구 자양동 621-7	골목형상점가	골목형	             20,089
129	광진구	자양로13길 골목형상점가	서울 광진구 자양로13길 27	서울 광진구 자양동 630-16	골목형상점가	상점가	             16,002
130	광진구	자양번영로 골목형상점가	서울 광진구 자양번영로 34	서울 광진구 자양동 608-21	골목형상점가	상점가	             27,036
131	광진구	자양전통시장	서울 광진구 뚝섬로47길 45-2	서울 광진구 자양동 613-11	인정시장	골목형	             16,400
132	광진구	자양종합시장	 서울특별시 광진구 자양번영로6길 20	 서울특별시 광진구 자양동 602	등록시장	건물형	               4,724
133	광진구	자양한강전통시장	서울 광진구 뚝섬로 481	 	인정시장	골목형	               8,470
134	광진구	조양시장	 서울특별시 광진구 아차산로30길 39	 서울특별시 광진구 자양동 6-20	등록시장	건물형	               6,525
135	광진구	중곡제일골목시장	 서울특별시 광진구 긴고랑로11길 14	 서울특별시 광진구 중곡동 221-6	인정시장	골목형	             14,684
136	광진구	중곡제일시장	 서울특별시 광진구 긴고랑로11길 11	 서울특별시 광진구 중곡동 229-5	등록시장	건물형	               2,760
137	광진구	한아름시장	 서울특별시 광진구 능동로13길 39	 서울특별시 광진구 화양동 10-1	등록시장	건물형	             12,217
138	광진구	화양제일골목시장	서울 광진구 아차산로29길 55	서울 광진구 화양동 34-4	인정시장	골목형	             11,281
소계	동대문구	32	　	　	　	　	　
139	동대문구	간데메공원 골목형상점가	서울 동대문구 답십리로30길 18	서울 동대문구 전농동 648-114	골목형상점가	골목형	               2,174
140	동대문구	경동광성상가	서울특별시 동대문구 고산자로 464	서울특별시 동대문구 제기동 917	인정시장	골목형	               7,159
141	동대문구	경동시장	서울특별시 동대문구 고산자로36길 3	서울특별시 동대문구 제기동 1019	등록시장	건물형	             22,262
142	동대문구	경희담길 골목형상점가	서울 동대문구 경희대로1길 11	서울 동대문구 회기동 60-50	골목형상점가	골목형	               7,983
143	동대문구	답십리건축자재시장	서울특별시 동대문구 고미술로 49	서울특별시 동대문구 답십리동 530-11	인정시장	골목형	               4,612
144	동대문구	답십리시장	서울특별시 동대문구 답십리로51길 4-1	서울특별시 동대문구 답십리동 66-17	인정시장	골목형	               3,146
145	동대문구	답십리현대시장	서울특별시 동대문구 전농로4길 38	서울특별시 동대문구 답십리동 967-5	인정시장	골목형	               1,439
146	동대문구	동부시장	서울특별시 동대문구 천호대로 281	서울특별시 동대문구 답십리동 495-1	등록시장	건물형	               4,046
147	동대문구	동서시장	서울특별시 동대문구 왕산로33길 13	서울특별시 동대문구 제기동 650	등록시장	건물형	               2,986
148	동대문구	서울약령시장	서울특별시 동대문구 약령중앙로 20	서울특별시 동대문구 제기동 1113-2	인정시장	골목형	           119,630
149	동대문구	신설동 들락거리 골목형상점가	서울 동대문구 하정로3길 10	서울 동대문구 신설동 98-38	골목형상점가	골목형	             61,657
150	동대문구	용두시장	서울특별시 동대문구 무학로37길 12	서울특별시 동대문구 용두동 231-5	등록시장	건물형	               2,794
151	동대문구	이경시장	서울특별시 동대문구 휘경로 53	서울특별시 동대문구 휘경동 151-3	등록시장	건물형	               3,033
152	동대문구	이경재래시장	서울특별시 동대문구 외대역동로12길 13	서울특별시 동대문구 휘경동 149-29	무등록시장	골목형	                    -
153	동대문구	이문제일시장	서울특별시 동대문구 이문로 200	서울특별시 동대문구 이문동 250-1	등록시장	건물형	               3,392
154	동대문구	장안 마실 골목형상점가	서울 동대문구 답십리로66길 64	서울 동대문구 장안동 167-2	골목형상점가	골목형	           488,849
155	동대문구	장안동 맛의거리 골목형상점가	서울 동대문구 장한로24길 7	서울 동대문구 장안동 367-3	골목형상점가	골목형	               3,505
156	동대문구	장한평역  먹자 골목형상점가	서울 동대문구 천호대로85길 27	 	골목형상점가	골목형	             19,483
157	동대문구	전곡시장	서울특별시 동대문구 한천로 190	서울특별시 동대문구 장안동 108-5	등록시장	건물형	               1,682
158	동대문구	전곡시장 골목형상점가	서울 동대문구 한천로38나길 29	서울 동대문구 장안동 118-15	골목형상점가	골목형	               2,104
159	동대문구	전농로터리시장	서울특별시 동대문구 전농로15길 7	서울특별시 동대문구 전농동 295-52	등록시장	건물형	               4,279
160	동대문구	전농배봉산맛집거리 골목형	서울 동대문구 전농로16길 23	서울 동대문구 전농동 46-20	골목형상점가	골목형	               5,188
161	동대문구	제기동 고대앞마을 골목형상점가	서울 동대문구 안암로22길 6	서울 동대문구 제기동 137-68	골목형상점가	골목형	             30,487
162	동대문구	청량리농수산물시장	서울특별시 동대문구 경동시장로 22	서울특별시 동대문구 제기동 629-2	인정시장	골목형	               3,613
163	동대문구	청량리수산시장	서울특별시 동대문구 고산자로34길 48-1	서울특별시 동대문구 용두동 20-47	인정시장	골목형	               2,774
164	동대문구	청량리전통시장	서울특별시 동대문구 경동시장로2길 49-3	서울특별시 동대문구 청량리동 773	인정시장	골목형	               1,066
165	동대문구	청량리종합시장	서울특별시 동대문구 홍릉로1길 68-3	서울특별시 동대문구 제기동 647-11	인정시장	골목형	               3,086
166	동대문구	청량리청과물시장	서울특별시 동대문구 왕산로33길 6	서울특별시 동대문구 제기동 635-35	인정시장	골목형	               7,473
167	동대문구	청량종합도매시장	서울특별시 동대문구 약령시로 92-2	서울특별시 동대문구 제기동 838-24	인정시장	골목형	               1,774
168	동대문구	촬영소사거리 골목형상점가	서울 동대문구 답십리로 241	서울 동대문구 장안동 141-24	골목형상점가	골목형	               5,688
169	동대문구	회기시장	서울특별시 동대문구 회기로25길 11	서울특별시 동대문구 회기동 57-22	인정시장	골목형	               5,921
170	동대문구	회기역골목형상점가	서울 동대문구 회기로28길 12-3	 	골목형상점가	골목형	             14,204
소계	중랑구	27	　	　	　	　	　
171	중랑구	겸재한신길 골목형상점가	서울 중랑구 겸재로3길 9	서울 중랑구 면목동 193-57	골목형상점가	골목형	               1,023
172	중랑구	동부시장 미드랑길 골목형상점가	서울 중랑구 중랑천로12길 30	서울 중랑구 상봉동 136-82	골목형상점가	골목형	               4,920
173	중랑구	동부시장 백구단길 골목형상점가	서울 중랑구 동일로109길 61	서울 중랑구 면목동 182-130	골목형상점가	골목형	               4,361
174	중랑구	동성타워프라자	 서울특별시 중랑구 봉화산로 221	 서울특별시 중랑구 신내동 786	등록시장	건물형	               1,760
175	중랑구	동원시장	서울 중랑구 면목로74길 45	서울 중랑구 면목동 101-1	등록시장	건물형	               1,766
176	중랑구	동원전통시장상점가	서울 중랑구 면목로76길 35	 	인정시장	상점가	             18,159
177	중랑구	동원전통종합시장	 서울특별시 중랑구 상봉로11길 27-3	 서울특별시 중랑구 면목동 74-58	인정시장	골목형	             18,160
178	중랑구	면목시장(골목형)	 서울특별시 중랑구 사가정로 50길 84	 서울특별시 중랑구 면목동 666-15	인정시장	골목형	             13,563
179	중랑구	면목시장(카멜리아쇼핑센타)	 서울특별시 중랑구 면목로39길 11	 서울특별시 중랑구 면목동 650	등록시장	건물형	               3,978
180	중랑구	묵동도깨비시장 골목형상점가	서울 중랑구 공릉로 60	서울 중랑구 묵동 305-3	골목형상점가	골목형	               3,510
181	중랑구	봉우시장 골목형상점가	서울 중랑구 봉우재로14길 19	서울 중랑구 면목동 180-15	골목형상점가	골목형	               2,788
182	중랑구	사가정51길 골목형상점가	서울 중랑구 사가정로51길 38	서울 중랑구 면목동 497-6	골목형상점가	골목형	               4,392
183	중랑구	사가정시장	 서울특별시 중랑구 면목로44길 16	 서울특별시 중랑구 면목38동 472-5	인정시장	골목형	               6,603
184	중랑구	상봉먹자 골목형상점가	서울 중랑구 봉우재로33길 54	서울 중랑구 상봉동 105	골목형상점가	골목형	               8,905
185	중랑구	신내구길 골목형상점가	서울 중랑구 신내로14길 26	서울 중랑구 신내동 454-4	골목형상점가	골목형	               6,893
186	중랑구	신아타운	 서울특별시 중랑구 봉화산로 194	 서울특별시 중랑구 신내동 666	등록시장	건물형	             31,128
187	중랑구	양원숲길 골목형상점가	서울 중랑구 양원역로14나길 17	서울 중랑구 망우동 617-7	골목형상점가	골목형	               4,933
188	중랑구	우림골목시장	 서울특별시 중랑구 망우로62길 52-4	 서울특별시 중랑구 망우동 463-44	인정시장	골목형	             22,269
189	중랑구	우림맛솜씨길 골목형상점가	서울 중랑구 용마산로115길 47	서울 중랑구 망우동 469-74	골목형상점가	골목형	               6,174
190	중랑구	유영시장	 서울특별시 중랑구 봉우재로70길 96	 서울특별시 중랑구 망우동 530-3	등록시장	건물형	               7,154
191	중랑구	장미꽃빛거리 골목형상점가	서울 중랑구 동일로163길 7	서울 중랑구 묵동 239-161	골목형상점가	골목형	               1,912
192	중랑구	장미달빛거리 골목형상점가	서울 중랑구 동일로157길 5	서울 중랑구 묵동 244-144	골목형상점가	골목형	               2,189
193	중랑구	장미제일시장	 서울특별시 중랑구 동일로143길 43	 서울특별시 중랑구 중화동 309-1	인정시장	골목형	               5,966
194	중랑구	중랑교종합상가	 서울특별시 중랑구 망우로32길 23	 서울특별시 중랑구 상봉동 129-9	등록시장	건물형	               3,472
195	중랑구	중랑동부시장	 서울특별시 중랑구 동일로 109길 31-5	 서울특별시 중랑구 면목2동 183-118	인정시장	골목형	                    -
196	중랑구	태능엔터피아	 서울특별시 중랑구 동일로129길 35	 서울특별시 중랑구 중화동 314-1	등록시장	건물형	               7,776
197	중랑구	태릉 골목형상점가	서울 중랑구 중랑역로 35	서울 중랑구 중화동 316-33	골목형상점가	골목형	               4,528
소계	성북구	15	　	　	　	　	　
198	성북구	고대 골목형상점가	서울 성북구 고려대로26길 49	서울 성북구 안암동5가 104-23	골목형상점가	골목형	             48,475
199	성북구	길음시장	서울특별시 성북구 동소문로227	서울특별시 성북구 길음동 535-8	인정시장	건물형	             11,426
200	성북구	꿈의숲장곡골목형상점가	서울특별시 성북구 돌곶이로39길	서울특별시 성북구 장위동 215-6	골목형상점가	골목형	               2,849
201	성북구	돈암시장	서울 성북구 동소문로18길 18	서울 성북구 동소문동5가 59-2	인정시장	골목형	             13,867
202	성북구	돌곶이시장	서울특별시 성북구 한천로 73길 22	서울특별시 성북구 석관동 282-8	인정시장	골목형	               7,150
203	성북구	밤나무골시장	서울특별시 성북구 오패산로 79	서울특별시 성북구 하월곡동 76-8	무등록시장	골목형	                    -
204	성북구	배밭골골목형상점가	서울특별시 성북구 정릉로10길	서울특별시 성북구 정릉3동 892-3	골목형상점가	골목형	               3,061
205	성북구	석계음식문화거리	서울 성북구 한천로78길 71	서울 성북구 석관동 133-62	골목형상점가	골목형	             10,544
206	성북구	성북천골목형상점가	서울특별시 성북구 동소문로2길	서울특별시 성북구 동소문동2가 62	골목형상점가	골목형	               5,687
207	성북구	월곡달빛오거리골목형상점가	서울 성북구 장월로1길 113	 	골목형상점가	골목형	             10,408
208	성북구	장위전통시장	서울특별시 성북구장위로38길 46-1	서울특별시 성북구 장위동 68-88	인정시장	골목형	               4,800
209	성북구	정릉서경대길골목형상점가	서울특별시 성북구 보국문로16길	서울특별시 성북구 정릉동 266-107	골목형상점가	골목형	               4,953
210	성북구	정릉시장	서울특별시 성북구 보국문로11길 18-19	서울특별시 성북구 397-9번지	인정시장	골목형	               9,954
211	성북구	정릉아리랑시장	서울특별시 성북구 정릉로26가길 32	서울특별시 성북구 정릉동 445-4	인정시장	골목형	               4,284
212	성북구	종암북바위길골목형상점가	서울특별시 성북구 종암로21길	서울특별시 성북구 종암동 85-7	골목형상점가	골목형	               8,763
소계	강북구	25	　	　	　	　	　
213	강북구	가오리골목형상점가	서울 강북구 인수봉로 238	서울 강북구 수유동 521-55	골목형상점가	골목형	             17,837
214	강북구	강북북부골목시장	강북구 한천로123길 27 일대	강북구 번동 411-18 일대	골목형상점가	골목형	             11,332
215	강북구	강북북부시장	강북구 한천로123길 26	강북구 번동 413-3	등록시장	건물형	               2,903
216	강북구	동북프라자	강북구 솔샘로 233	강북구 미아동 701-3	등록시장	건물형	               7,077
217	강북구	미소상인회 골목형상점가	서울 강북구 도봉로10라길 2	서울 강북구 미아동 90-12	골목형상점가	골목형	             11,868
218	강북구	방천골목시장	강북구 월계로7나길 9 일대	강북구 미아동 52-56 일대	무등록시장	골목형	                    -
219	강북구	백년시장	강북구 한천로144길 26 일대	강북구 수유동 177-15 일대	인정시장	골목형	                    -
220	강북구	삼양시장 골목형상점가	강북구 솔매로 45 일대	강북구 미아동 833-16 일대	골목형상점가	골목형	                    -
221	강북구	솔샘시장 골목형상점가	강북구 솔샘로50길 4 일대	강북구 미아동 1345-3, 698-3 일대	골목형상점가	골목형	               6,775
222	강북구	수유북부시장	강북구 삼양로91가길 19	강북구 수유동405-5	등록시장	건물형	               2,769
223	강북구	수유시장	강북구 도봉로67길 18	강북구 수유동 54-5	등록시장	건물형	               7,219
224	강북구	수유역골목형상점가	서울 강북구 도봉로87길 7	서울 강북구 수유동 229-35	골목형상점가	골목형	             33,525
225	강북구	수유재래시장	강북구 도봉로71길 일대	강북구 수유동 53·53·54 일대	인정시장	골목형	                    -
226	강북구	수유전통시장	강북구 도봉로67길 일대	강북구 수유동 53·54 일대	인정시장	골목형	                    -
227	강북구	수유중앙골목시장골목형상점가	서울 강북구 노해로17길 48	서울 강북구 수유동 36-4	골목형상점가	골목형	                    -
228	강북구	수유중앙시장	강북구 노해로17길 21	강북구 수유동 32-2	등록시장	건물형	               4,439
229	강북구	수유프라자	강북구 도봉로 261	강북구 수유동 63	등록시장	건물형	             10,492
230	강북구	숭인사랑골목형상점가	서울 강북구 숭인로 3	 	골목형상점가	골목형	               2,581
231	강북구	숭인시장	강북구 도봉로 45	강북구 미아동 60-5	등록시장	건물형	             11,203
232	강북구	어진이골목시장	서울 강북구 인수봉로56길 23	서울 강북구 수유동 416-2	무등록시장	골목형	                    -
233	강북구	오패산로 골목형상점가	서울 강북구 오패산로30길 25	서울 강북구 미아동 83-2	골목형상점가	골목형	             10,596
234	강북구	우이골목시장골목형상점가	서울 강북구 한천로162길 26	서울 강북구 수유동 270-39	골목형상점가	골목형	               8,362
235	강북구	우이시장	강북구 노해로23길 68	강북구 수유동 270-186	등록시장	건물형	               2,122
236	강북구	인수로골목형상점가	서울 강북구 인수봉로77길 3	서울 강북구 수유동 548-3	골목형상점가	골목형	             11,004
237	강북구	장미원골목시장	강북구 삼양로123길 9,11,13 일대	강북구 수유동 316 일대	인정시장	골목형	                    -
소계	도봉구	15	　	　	　	　	　
238	도봉구	노해랑길 골목형 상점가	서울 도봉구 도봉로133길 42	서울 도봉구 쌍문동 21-15	골목형상점가	상점가	             21,556
239	도봉구	도봉산옛길골목형상점가	서울 도봉구 도봉로181길 86	서울 도봉구 도봉동 572	골목형상점가	상점가	             10,079
240	도봉구	방학단길 골목형 상점가	서울 도봉구 마들로 657	서울 도봉구 방학동 718-7	골목형상점가	골목형	             17,558
241	도봉구	방학동도깨비시장	서울특별시 도봉구 도당로85-7	서울특별시 도봉구 방학동 727-6	인정시장	골목형	             15,243
242	도봉구	백운시장	서울특별시 도봉구 삼양로154길 40	서울특별시 도봉구 쌍문동 507-5	인정시장	골목형	             10,267
243	도봉구	성황당길 골목형 상점가	서울 도봉구 도봉로 817	서울 도봉구 도봉동 600-1	골목형상점가	골목형	             17,705
244	도봉구	신도봉시장	서울특별시 도봉구 도당로27길 60	서울특별시 도봉구 도봉동 611	인정시장	골목형	             15,418
245	도봉구	쌍리단길상점가	서울특별시 도봉구 도봉로114길 22, 112길 19, 110나길 21, 110나길 27	서울특별시 도봉구 창동 657-142~657-48, 657-97~651-92, 655-21~658-49, 655-1~655-20	상점가	상점가	             23,435
246	도봉구	쌍문시장	서울특별시 도봉구 도봉로113길 23	서울특별시 도봉구 쌍문동 98-39	인정시장	골목형	             10,736
247	도봉구	쌍문역둘러상점가	서울특별시 도봉구 노해로 60길, 도봉로 109길	서울특별시 도봉구 쌍문동 100-32	상점가	상점가	             18,459
248	도봉구	오!도봉거리상점가	서울특별시 도봉구 도봉로156길 6	서울특별시 도봉구 도봉2동 623	상점가	상점가	             12,856
249	도봉구	창동골목시장	서울특별시 도봉구 덕릉로54가길 17	서울특별시 도봉구 창동 557-9	인정시장	골목형	               7,325
250	도봉구	창동신창시장	서울특별시 도봉구 덕릉로59마길 18-7	서울특별시 도봉구 창동 445-20	인정시장	골목형	             11,219
251	도봉구	창동역상점가	서울특별시 도봉구 마들로11가길 12, 노해로69길 21, 마들로11길 71	서울특별시 도봉구 창동5~6, 12~12-3, 3-4~3-3	상점가	상점가	             39,951
252	도봉구	학마을길 골목형 상점가	서울 도봉구 방학로10길 12	서울 도봉구 방학동 666-25	골목형상점가	상점가	               7,365
소계	노원구	13	　	　	　	　	　
253	노원구	공릉구길 골목형상점가	서울 노원구 공릉로 158-1	서울 노원구 공릉동 412-31	골목형상점가	골목형	               2,278
254	노원구	공릉동도깨비시장	서울 노원구 동일로178길 29-19	 	인정시장	골목형	             15,669
255	노원구	공릉철길 골목형상점가	서울 노원구 동일로186길 77-21	서울 노원구 공릉동 504-20	골목형상점가	골목형	                    -
256	노원구	상계역전종합상가 상점가	서울특별시 노원구 한글비석로 396	서울특별시 노원구 상계동 173-1	상점가	상점가	             14,890
257	노원구	상계주공15단지 상가 상점가	서울특별시 노원구 동일로227길 26	서울특별시 노원구 상계동 624	상점가	건물형	               7,857
258	노원구	상계주공1단지 가상가 상점가	서울특별시 노원구 덕릉로 459-37	서울특별시 노원구 상계동 767-5	상점가	상점가	               3,015
259	노원구	상계중앙시장	 서울특별시 노원구 상계로23나길 33	 서울특별시 노원구 상계동 389-666	인정시장	골목형	             21,428
260	노원구	석계역 골목형상점가	서울 노원구 석계로3길 20	서울 노원구 월계동 55-1	골목형상점가	골목형	               2,780
261	노원구	수락산디자인거리 골목형상점가	서울 노원구 동일로242길 22	서울 노원구 상계동 1120-9	골목형상점가	골목형	               5,838
262	노원구	중계 씨앤미상가 상점가	서울 노원구 동일로204가길 34	서울 노원구 중계동 509-1	상점가	건물형	             37,726
263	노원구	중계동 시영2단지 무지개종합상가 상점가	서울특별시 노원구 동일로 1280	서울특별시 노원구 중계동 512	상점가	건물형	               1,800
264	노원구	중계동시영B상가상점가	서울특별시 노원구 동일로 1279	서울특별시 노원구 중계동 503	상점가	건물형	               1,800
265	노원구	화랑대 골목형상점가	서울 노원구 노원로1길 67	서울 노원구 공릉동 89-1	골목형상점가	건물형	               3,114
소계	은평구	20	　	　	　	　	　
266	은평구	대림골목시장	 서울시은평구 응암로4길 27-1	 서울특별시 은평구 응암동 605-15	인정시장	골목형	               1,700
267	은평구	대림시장	 서울시 은평구 응암로 4길 22	 서울시 은평구 응암동 754-1	등록시장	건물형	               2,401
268	은평구	대조시장	 서울시 은평구 불광로 8	 서울시 은평구 대조동 14-64	인정시장	골목형	               5,126
269	은평구	대추골 골목형상점가	서울 은평구 통일로69길 15	서울 은평구 대조동 80-7	골목형상점가	상점가	               9,530
270	은평구	북한산성상가 골목형상점가	서울 은평구 대서문길 36	 	골목형상점가	상점가	               6,893
271	은평구	불광먹자골목형상점가	 서울시 은평구 통일로66길 4-1	 서울시 은평구 불광동 281-154	골목형상점가	골목형	             42,428
272	은평구	불광천나들이거리골목형상점가	서울 은평구 응암로9길 3	서울 은평구 응암동 595-64	골목형상점가	골목형	             19,808
273	은평구	새장골 골목형상점가	서울 은평구 연서로 257	 	골목형상점가	상점가	               4,288
274	은평구	서부안심길 골목형상점가	서울 은평구 진흥로 52-1	서울 은평구 응암동 89-3	골목형상점가	상점가	             29,759
275	은평구	수일시장	서울 은평구 수색로16길 5-1	 	등록시장	건물형	               1,074
276	은평구	신응암시장	 서울시 은평구 응암로 22길 3-1	 서울시 은평구 응암동 427-130	인정시장	골목형	               1,700
277	은평구	양지시장	 은평구 응암로4길20,22,24,26,26-1,26-3	 서울시 은평구 응암동 754-1	등록시장	건물형	               1,244
278	은평구	연서시장	서울 은평구 통일로 850	 	등록시장	건물형	               2,785
279	은평구	연신내골목형상점가	 서울시 은평구 연서로29길 11-12	 서울시 은평구 갈현2동 454-18	골목형상점가	상점가	           112,413
280	은평구	응암골 골목형상점가	서울 은평구 응암로12길 9-5	서울 은평구 응암동 601-48	골목형상점가	상점가	               4,673
281	은평구	응암시장	서울 은평구 응암로 252	 	등록시장	건물형	                 614
282	은평구	응암오거리상점가	 서울시 은평구 응암로9길6-15	 서울특별시 은평구 응암동 597-2	상점가	상점가	               2,600
283	은평구	제일시장	 서울시 은평구 통일로 731	 서울시 은평구 대조동 14-1, 21	등록시장	건물형	               1,336
284	은평구	증산종합시장	 서울시 은평구 증산로3길 12	 서울시 은평구 증산동 184-9	등록시장	건물형	               2,171
285	은평구	포수말골목형상점가	서울 은평구 은평로10길 4	서울 은평구 응암동 103-29	골목형상점가	골목형	             12,450
소계	서대문구	14	　	　	　	　	　
286	서대문구	경찰청골목형상점가	서울 서대문구 통일로 107-23	서울 서대문구 미근동 31-11	골목형상점가	골목형	               1,807
287	서대문구	남이동길골목형상점가	서울 서대문구 모래내로 247	서울 서대문구 남가좌동 329-7	골목형상점가	골목형	                    -
288	서대문구	명지대앞골목형상점가	서울 서대문구 증가로10길 14	서울 서대문구 남가좌동 341-1	골목형상점가	골목형	                    -
289	서대문구	모래내시장골목형상점가	서울 서대문구 수색로4길 13	서울 서대문구 남가좌동 289-67	골목형상점가	골목형	                    -
290	서대문구	백련시장	 서울특별시 서대문구 가재울로6길 53-87	 서울특별시 서대문구 남가좌동 345-4	등록시장	건물형	               6,865
291	서대문구	북가좌동골목형상점가	서울 서대문구 응암로 89	서울 서대문구 북가좌동 326-6	골목형상점가	골목형	                    -
292	서대문구	연희동골목형상점가	서울 서대문구 연희로11가길 36	서울 서대문구 연희동 128-10	골목형상점가	골목형	                    -
293	서대문구	연희사러가	 서울특별시 서대문구 연희맛로 23	 서울특별시 서대문구 연희동 131-1	등록시장	건물형	               3,719
294	서대문구	영천시장	 서울특별시 서대문구 영천시장길 27	 서울특별시 서대문구 영천동 294	인정시장	골목형	                    -
295	서대문구	유진상가	 서울특별시 서대문구 통일로 484	 서울특별시 서대문구 홍제동 294-46	등록시장	건물형	             11,283
296	서대문구	인왕시장	 서울특별시 서대문구 인왕시장길 18	 서울특별시 서대문구 홍제동 298-7	등록시장	건물형	               4,321
297	서대문구	포방터시장	 서울특별시 서대문구 포방터길 46	 서울특별시 서대문구 홍은동 9-160	인정시장	골목형	               7,310
298	서대문구	홍제골목형상점가	서울 서대문구 통일로40안길 5	서울 서대문구 홍제동 299-32	골목형상점가	골목형	               3,863
299	서대문구	홍제동 뚝방길 골목형상점가	서울 서대문구 통일로 478	서울 서대문구 홍제동 294-4	골목형상점가	골목형	                    -
소계	마포구	25	　	　	　	　	　
300	마포구	경의숲길서강 골목형상점가	서울 마포구 광성로4길 11-10	서울 마포구 신수동 88-16	골목형상점가	골목형	               9,101
301	마포구	공덕시장	서울특별시 마포구 만리재로 19	서울특별시 마포구 공덕동 256-10	등록시장	건물형	               1,699
302	마포구	광흥창 골목형상점가	서울 마포구 독막로 174	서울 마포구 구수동 14	골목형상점가	골목형	             10,261
303	마포구	도화동상점가	서울특별시 마포구 도화길, 새창로2길 일대	서울특별시 마포구 도화동 183-11	상점가	상점가	               5,650
304	마포구	마포농수산물시장	서울특별시 마포구 월드컵로 235	서울특별시 마포구 성산동 533-1	등록시장	건물형	             17,320
305	마포구	마포시장	서울특별시 마포구 만리재로 23(04214)서울특별시 마포구 마포대로6길 16	서울특별시 마포구 공덕동 256-30(04214)서울특별시 마포구 공덕동 256-5	등록시장	건물형	               1,689
306	마포구	망리단길 골목형상점가	서울 마포구 포은로 70-1	서울 마포구 망원동 57-228	골목형상점가	골목형	               8,011
307	마포구	망원동월드컵시장	서울특별시 마포구 망원로7길 일대	서울특별시 마포구 망원동 423-15 ~ 424-7	인정시장	골목형	               5,473
308	마포구	망원시장	서울특별시 마포구 망원로8길 일대	서울특별시 마포구 망원동 486-39 ~ 412-52	인정시장	골목형	             11,160
309	마포구	방울내길 골목형상점가	서울 마포구 방울내로 53	서울 마포구 망원동 436-12	골목형상점가	상점가	               3,034
310	마포구	상암동상점가	서울특별시 마포구 월드컵북로44길 33	서울특별시 마포구 상암동 33-1	상점가	상점가	               5,558
311	마포구	서교시장	서울특별시 마포구 홍익로3길 20	서울특별시 마포구 서교동 357-1	등록시장	건물형	             12,640
312	마포구	신수동토정로 골목형상점가	서울 마포구 토정로 212	서울 마포구 신수동 380-3	골목형상점가	골목형	             11,088
313	마포구	신수시장	서울특별시 마포구 토정로17길 17	서울특별시 마포구 신수동 288-1	등록시장	건물형	               1,092
314	마포구	아현동손기정길골목형상점가	서울 마포구 손기정로1길 24	서울 마포구 아현동 693	골목형상점가	골목형	               1,787
315	마포구	아현시장	서울특별시 마포구 마포대로21길 70 일대	서울특별시 마포구 아현동 291-18	인정시장	골목형	             18,849
316	마포구	연남동골목형상점가	서울 마포구 동교로 268	서울 마포구 연남동 228-10	골목형상점가	골목형	             10,315
317	마포구	영진시장	서울특별시 마포구 동교로12길 21	서울특별시 마포구 서교동 485-14	등록시장	건물형	               3,761
318	마포구	용강동상점가	서울특별시 마포구 토정로 315 일대	서울특별시 마포구 용강동 40-5	상점가	상점가	             67,311
319	마포구	합정동먹자골목 골목형삼점가	서울 마포구 월드컵로1길 5	서울 마포구 합정동 383-3	골목형상점가	골목형	             23,845
320	마포구	합정시장	서울특별시 마포구 양화진길 5	서울특별시 마포구 합정동 375-1	등록시장	건물형	               5,433
321	마포구	합정하늘길 골목형상점가	서울 마포구 토정로3길 10	서울 마포구 합정동 367-34	골목형상점가	골목형	             23,179
322	마포구	홍대걷고싶은거리상점가	서울특별시 마포구 어울마당로 109~155 일대	서울특별시 마포구 동교동 163-11 ~ 170-5	상점가	상점가	               5,135
323	마포구	홍대레드로드골목형상점가	서울 마포구 잔다리로 8-3	서울 마포구 서교동 363-10	골목형상점가	골목형	               3,845
324	마포구	홍대소상공인상점가	서울특별시 마포구 홍익로3길 37	서울특별시 마포구 서교동 365-18	상점가	상점가	               4,019
소계	양천구	19	　	　	　	　	　
325	양천구	경창시장	서울시 양천구 오목로9길 31	서울시 양천구 신월동 447-8	인정시장	골목형	               2,320
326	양천구	목2동시장	서울시 양천구 목동중앙북로16길 3	서울시 양천구 목동 526	인정시장	골목형	               3,020
327	양천구	목3동 골목형상점가	서울 양천구 목동중앙북로 38	서울 양천구 목동 956	골목형상점가	상점가	                    -
328	양천구	목동깨비시장	서울시 양천구 목동중앙북로6길 5	서울시 양천구 목동 617-13	인정시장	골목형	               5,106
329	양천구	목동로데오골목형상점가	서울 양천구 목동로25길 19	서울 양천구 신정동 890-1	골목형상점가	상점가	               6,549
330	양천구	목사랑시장	서울시 양천구 목동중앙남로7길 8	서울시 양천구 목동 726-18	인정시장	골목형	               1,970
331	양천구	서서울골목형상점가	서울시 양천구 곰달래로13길 15	서울시 양천구 신월동 117-8	골목형상점가	상점가	               7,221
332	양천구	신곡시장 골목형상점가	서울 양천구 남부순환로79길 33-2	서울 양천구 신월동 575-15	골목형상점가	상점가	                    -
333	양천구	신곡종합시장	서울시 양천구 신월로16길 5	서울시 양천구 신월동 575-7	인정시장	건물형	               1,150
334	양천구	신영시장	서울시 양천구 월정로 161-5	서울시 양천구 신월동 114-18	인정시장	골목형	               4,520
335	양천구	신월3동시장골목형상점가	서울시 양천구 남부순환로40가길 1-1	서울시 양천구 신월동 178-1	골목형상점가	상점가	               7,228
336	양천구	신월4동 먹자골목 골목형상점가	서울 양천구 신월로15길 13	서울 양천구 신월동 538-2	골목형상점가	상점가	                    -
337	양천구	신월7동 골목형상점가	서울 양천구 지양로 75	서울 양천구 신월동 931-1	골목형상점가	상점가	                    -
338	양천구	신정1동골목시장	서울시 양천구 중앙로34길 28	서울시 양천구 신정동 1029-1	무등록시장	골목형	               1,560
339	양천구	신정제일시장	서울시 양천구 중앙로34길 30	서울시 양천구 신정동 1030-6	인정시장	건물형	               2,223
340	양천구	오목교중앙시장	서울시 양천구 신목로4길 45	서울시 양천구 신정동 126-5	인정시장	골목형	               1,560
341	양천구	오목내길골목형상점가	서울 양천구 신목로6길 41	서울 양천구 신정동 118-7	골목형상점가	골목형	               2,796
342	양천구	우성상가	서울시 양천구 지양로 78	서울시 양천구 신월동 928-1	인정시장	건물형	               5,035
343	양천구	월정로시장	서울시 양천구 월정로29길 3	서울시 양천구 신월동 114-1	무등록시장	골목형	               2,230
소계	강서구	17	　	　	　	　	　
344	강서구	가양역사거리 골목형상점가	서울 강서구 공항대로45길 15	서울 강서구 등촌동 726	골목형상점가	골목형	             34,989
345	강서구	강서구청먹자골목 골목형상점가	서울 강서구 화곡로 354-10	서울 강서구 화곡동 1110-3	골목형상점가	골목형	             48,272
346	강서구	강서수산시장 골목형상점가	서울 강서구 발산로 24	서울 강서구 외발산동 424	골목형상점가	건물형	             44,863
347	강서구	강서행복한길골목형상점가	서울 강서구 화곡로31길 29	서울 강서구 화곡동 1057-7	골목형상점가	골목형	               4,548
348	강서구	공항골목시장 골목형상점가	서울 강서구 남부순환로11가길 74	서울 강서구 공항동 301-56	골목형상점가	골목형	               9,821
349	강서구	공항대로 골목형상점가	서울 강서구 공항대로61길 42	서울 강서구 염창동 271	골목형상점가	골목형	               9,757
350	강서구	공항동 먹자골목 골목형상점가	서울 강서구 송정로 32-1	서울 강서구 공항동 55-38	골목형상점가	골목형	             79,371
351	강서구	까치산시장	서울특별시 강서구 강서로12길 14	서울특별시 강서구 화곡동 342-16	인정시장	골목형	             26,139
352	강서구	남부골목시장	서울특별시 강서구 등촌로 5길 62-4	서울특별시 강서구 화곡동 801-9	인정시장	골목형	             21,776
353	강서구	방신전통시장	서울특별시 강서구 방화동로 124-1	서울특별시 강서구 방화동 567-35	인정시장	골목형	               6,963
354	강서구	봉제산길 골목형상점가	서울 강서구 등촌로39길 6	서울 강서구 등촌동 512-7	골목형상점가	골목형	               7,979
355	강서구	송정역 카페거리 골목형상점가	서울 강서구 공항대로8길 14	서울 강서구 공항동 33-10	골목형상점가	골목형	             13,505
356	강서구	송화벽화시장	서울특별시 강서구 강서로45나길	서울특별시 강서구 내발사동 724-62 일대	인정시장	골목형	             26,319
357	강서구	우장산역 골목형상점가	서울 강서구 강서로45나길 12	서울 강서구 내발산동 723-6	골목형상점가	골목형	             21,475
358	강서구	초록마을로 골목형상점가	서울 강서구 초록마을로5길 2	서울 강서구 화곡동 53-3	골목형상점가	골목형	             11,885
359	강서구	화곡본동시장	서울 강서구 화곡로32길 18	 	인정시장	골목형	               5,805
360	강서구	화곡중앙시장	서울특별시 강서구 월정로30길66	서울특별시 강서구 화곡동 362-144	인정시장	골목형	               9,436
소계	구로구	21	　	　	　	　	　
361	구로구	가리봉시장	 서울특별시 구로구 우마길 15	 서울특별시 구로구 가리봉동 123-79	인정시장	골목형	               8,858
362	구로구	개봉입구골목상가 골목형상점가	서울 구로구 경인로35길 14	서울 구로구 개봉동 154-114	골목형상점가	골목형	               2,711
363	구로구	개봉중앙 골목형상점가	서울 구로구 개봉로17길 7	 	골목형상점가	골목형	               3,294
364	구로구	개봉중앙시장	 서울특별시 구로구 개봉로17길 34	 서울특별시 구로구 개봉동 324-1	등록시장	건물형	               1,515
365	구로구	개봉프라자	 서울특별시 구로구 고척로40길 19	 서울특별시 구로구 고척동 269-1	등록시장	건물형	               9,974
366	구로구	개봉현대정문상가 골목형상점가	서울 구로구 개봉로20길 6	서울 구로구 개봉동 481	골목형상점가	건물형	                 903
367	구로구	고척골목시장상점가	 서울특별시 구로구 중앙로10길 21 일대	 서울특별시 구로구 고척동 51-1 일대	상점가	상점가	               8,452
368	구로구	고척근린시장	 서울특별시 구로구 경인로33길 98-9	 서울특별시 구로구 고척동 257-6	인정시장	골목형	               6,013
369	구로구	고척중앙 골목형상점가	서울 구로구 중앙로 32	서울 구로구 고척동 52-346	골목형상점가	건물형	               2,023
370	구로구	고척프라자	 서울특별시 구로구 중앙로10길 7	 서울특별시 구로구 고척동 50-48	등록시장	건물형	             11,965
371	구로구	구로시장	 서울특별시 구로구 구로동로22길 20-27	 서울특별시 구로구 구로동 735-168	등록시장	골목형	               5,091
372	구로구	구일로 골목형상점가	서울 구로구 구일로10길 27	서울 구로구 구로동 650-4	골목형상점가	건물형	               4,271
373	구로구	그라운드고척 골목형상점가	서울 구로구 경인로47길 6	서울 구로구 고척동 62-135	골목형상점가	골목형	             14,030
374	구로구	극동종합상가 골목형상점가	서울 구로구 구로중앙로7길 28	 	골목형상점가	건물형	               1,408
375	구로구	남구로시장	 서울특별시 구로구 구로동로28길 16-7(구로동) 일원	 서울특별시 구로구 구로동 730-27	인정시장	골목형	             24,544
376	구로구	대림역도림로 골목형상점가	서울 구로구 도림로 90	 	골목형상점가	골목형	               3,145
377	구로구	오류골먹자골목 골목형상점가	서울 구로구 경인로23길 8	 	골목형상점가	골목형	               4,785
378	구로구	오류버들시장 골목형상점가	서울 구로구 오류로8길 6	서울 구로구 오류동 156-100	골목형상점가	골목형	             25,507
379	구로구	오류시장	 서울특별시 구로구 경인로19가길 14-1	 서울특별시 구로구 오류동 38-7	등록시장	건물형	               3,947
380	구로구	온수골 골목형상점가	서울 구로구 부일로1가길 8	서울 구로구 온수동 61-1	골목형상점가	골목형	               7,555
381	구로구	온수역광장 골목형상점가	서울 구로구 경인로3길 60	서울 구로구 온수동 51-2	골목형상점가	골목형	               4,105
소계	금천구	11	　	　	　	　	　
382	금천구	대명여울빛거리시장	 서울특별시  시흥대로52길 70	 서울특별시 시흥동 884-5	인정시장	상점가	             22,929
383	금천구	독산동 맛나는거리상점가	서울 금천구 시흥대로 406	 	상점가	상점가	             18,021
384	금천구	독산동 우시장	 서울특별시 범안로 1209	 서울특별시 독산동 293-5,6 외 3필지	상점가	상점가	             18,600
385	금천구	법원단지길 상점가	서울 금천구 독산로 136	서울 금천구 시흥동 803-3	골목형상점가	골목형	             16,342
386	금천구	별빛남문시장	 서울특별시 금천구 시흥대로144길 17	 서울특별시 독산동 984-10	인정시장	골목형	             13,079
387	금천구	비단길현대시장	 서울특별시 금천구 독산로41길 7	 서울특별시 시흥동 856~888	인정시장	골목형	             23,598
388	금천구	시흥행궁길	서울 금천구 금하로23길 40	서울 금천구 시흥동 825	골목형상점가	골목형	             25,574
389	금천구	아름다운 별장거리	서울 금천구 금하로24길 24	서울 금천구 시흥동 918-18	골목형상점가	골목형	             20,347
390	금천구	은행나무시장	 서울특별시 금하로25길 1~35 골목일대	 서울특별시 시흥동 828-45	인정시장	골목형	               2,202
391	금천구	정훈한마음골목시장	서울특별시 금천구 독산로64길,65길 일대	서울특별시 독산동 391-91 외	골목형상점가	골목형	               6,814
392	금천구	천리단길 상점가	서울 금천구 시흥대로63길 37	서울 금천구 시흥동 117-5	골목형상점가	골목형	               2,892
소계	영등포구	28	　	　	　	　	　
393	영등포구	남서울상가	 서울특별시 영등포구 영중로14길 11	 서울특별시 영등포구 영등포동5가 16-1	상점가	건물형	               8,580
394	영등포구	대림동우리 골목형상점가	서울 영등포구 대림로7길 15	서울 영등포구 대림동 990-128	골목형상점가	골목형	               3,159
395	영등포구	대림중앙골목형상점가	 서울특별시 영등포구 디지털로37길 29	 서울특별시 영등포구 대림동 1058-5	골목형상점가	상점가	               9,525
396	영등포구	대림중앙시장	 서울특별시 영등포구 디지털로37나길 21	 서울특별시 영등포구 대림동 1072-25	인정시장	골목형	               2,974
397	영등포구	대신시장	 서울특별시 영등포구 도신로60길 7	 서울특별시 영등포구 신길동 116-15	등록시장	건물형	             12,968
398	영등포구	도림시장	 서울특별시 영등포구 도영로 50	 서울특별시 영등포구 도림동 176-9	등록시장	건물형	               4,156
399	영등포구	동남상가	 서울특별시 영등포구 영등포로37길 4	 서울특별시 영등포구 영등포동5가 24	등록시장	건물형	               5,722
400	영등포구	로타리상가	 서울특별시 영등포구 영등포로 219	 서울특별시 영등포구 영등포동5가 20-1	상점가	건물형	               5,504
401	영등포구	별빛뉴타운골목형상점가	서울 영등포구 신길로39길 13	서울 영등포구 신길동 257-43	골목형상점가	골목형	               8,432
402	영등포구	삼구시장	 서울특별시 영등포구 영등포로 219	 서울특별시 영등포구 영등포동5가 19-1	등록시장	건물형	               3,758
403	영등포구	샛강두리골목형상점가	서울 영등포구 도신로64길 1	서울 영등포구 신길동 110-46	골목형상점가	상점가	               3,513
404	영등포구	선유도역골목형상점가	 서울특별시 영등포구 선유로47길 34	 서울특별시 영등포구 양평동4가 94	골목형상점가	상점가	               1,202
405	영등포구	선유로운골목형상점가	서울 영등포구 양평로22길 13	서울 영등포구 양평동5가 88-6	골목형상점가	골목형	               3,392
406	영등포구	신동시장	 서울특별시 영등포구 가마산로69가길 12	 서울특별시 영등포구 신길동 259-4	등록시장	건물형	               1,877
407	영등포구	양평1동 어울림 골목형상점가	서울 영등포구 영등포로5길 32	서울 영등포구 양평동2가 33-38	골목형상점가	골목형	               3,337
408	영등포구	영등포 로타리상가 골목형상점가	서울 영등포구 영등포로 205	서울 영등포구 영등포동6가 1-17	골목형상점가	골목형	               9,873
409	영등포구	영등포구청역 3번출구 골목형상점가	서울 영등포구 당산로31길 18	서울 영등포구 당산동3가 395-10	골목형상점가	골목형	             57,939
410	영등포구	영등포로타리지하도상가	 서울특별시 영등포구 영중로 지하20	 서울특별시 영등포구 영등포동3가 32	상점가	지하도상가	               6,161
411	영등포구	영등포시장기계공구상가	 서울특별시 영등포구 영중로14길 48	 서울특별시 영등포구 영등포동2가 167-1	상점가	골목형	             35,477
412	영등포구	영등포시장지하도상가	 서울특별시 영등포구 영등포로 지하221	 서울특별시 영등포구 영등포동3가 31	상점가	지하도상가	               1,599
413	영등포구	영등포역지하도상가	 서울특별시 영등포구 경인로 지하843	 서울특별시 영등포구 영등포동3가 33	상점가	지하도상가	               4,678
414	영등포구	영등포유통상가	 서울특별시 영등포구 영등포로 109	 서울특별시 영등포구 당산동2가 30-2	등록시장	건물형	             75,575
415	영등포구	영등포전통시장	서울 영등포구 영등포로45길 16-1	서울 영등포구 영등포동2가 33-102	상점가	골목형	               5,245
416	영등포구	영등포청과시장	 서울특별시 영등포구 영신로39길 14	 서울특별시 영등포구 당산1동 157	상점가	골목형	             19,800
417	영등포구	영신상가	 서울특별시 영등포구 영등포로 225	 서울특별시 영등포구 영등포동5가 18-1	등록시장	건물형	             10,323
418	영등포구	영일시장	 서울특별시 영등포구 문래로30길 27	 서울특별시 영등포구 문래동3가 10	등록시장	골목형	               1,897
419	영등포구	우리시장	 서울특별시 영등포구 도림로64길 16-1	 서울특별시 영등포구 대림동 893-2	상점가	골목형	               2,991
420	영등포구	제일상가	 서울특별시 영등포구 영등포로 225	 서울특별시 영등포구 영등포동5가 18-156	상점가	건물형	               1,063
소계	동작구	22	　	　	　	　	　
421	동작구	강남시장	동작구 상도로 357	서울특별시 동작구 상도동 488	등록시장	건물형	               2,471
422	동작구	남성사계시장(남성시장)	동작구 동작대로 129 일원	서울특별시 동작구 사당동 86-9 외	인정시장	골목형	             10,984
423	동작구	남성역골목시장	동작구 사당로16가길 19  일원	서울특별시 동작구 사당동 267-4 일원	인정시장	골목형	               9,021
424	동작구	남성역골목형상점가	서울 동작구 사당로 231	 	골목형상점가	골목형	               1,817
425	동작구	노량진 만나로 골목형상점가	서울 동작구 만양로 92	서울 동작구 노량진동 119-158	골목형상점가	골목형	             40,804
426	동작구	노량진수산시장골목형상점가	서울 동작구 노들로 674	서울 동작구 노량진동 334	골목형상점가	건물형	           118,346
427	동작구	보라매다올길골목형상점가	서울 동작구 여의대방로24가길 5	서울 동작구 대방동 417-5	골목형상점가	골목형	             13,216
428	동작구	본동인정시장	동작구 매봉로 177	서울특별시 동작구 본동 187-1외 66필지	인정시장	골목형	             12,176
429	동작구	사당1동먹자골목상점가	동작대로3길 14 일원	서울특별시 동작구 사당동 1032-31 일원	상점가	골목형	               3,063
430	동작구	사당시장	동작구 사당로 244	서울특별시 동작구 사당4동 318-8	등록시장	건물형	               3,843
431	동작구	상도도깨비골목형상점가	동작구 상도로 22길 일대	서울특별시 동작구 상도동 186-5 일원	골목형상점가	상점가	               9,510
432	동작구	상도약수골목형상점가	동작구 양녕로26길 10 일대	서울특별시 동작구 상도4동 210번지 일대	골목형상점가	상점가	               9,867
433	동작구	상도전통시장	동작구 상도로37길 62 일원	서울특별시 동작구 상도동 467-2 일원	인정시장	골목형	             16,463
434	동작구	성대시장	동작구 상도로 102	서울특별시 동작구 상도동 324-1	등록시장	건물형	               6,831
435	동작구	성대시장골목형상점가	서울 동작구 성대로 36	서울 동작구 상도동 256-36	골목형상점가	골목형	               2,734
436	동작구	성대전통시장	국사봉1길 41 일원	서울특별시 동작구 상도동 324-68 일원	인정시장	골목형	             20,290
437	동작구	숭실마루길 골목형상점가	서울 동작구 사당로 28	서울 동작구 상도동 505-1	골목형상점가	골목형	             19,783
438	동작구	신노량진시장	동작구 장승배기로 123-6	서울특별시 동작구 노량진동 307-9	무등록시장	건물형	               3,512
439	동작구	신대방1동 온누리길 골목형상점가	서울 동작구 신대방길 112-4	서울 동작구 신대방동 589-6	골목형상점가	골목형	               7,665
440	동작구	이수미로 골목형상점가	서울 동작구 동작대로27가길 5	서울 동작구 사당동 139-84	골목형상점가	골목형	             34,288
441	동작구	장승배기먹거리골목형상점가	서울 동작구 상도로15길 143	 	골목형상점가	골목형	               3,725
442	동작구	흑석시장 골목형상점가	서울 동작구 서달로12길 19	 	골목형상점가	골목형	               6,227
소계	관악구	35	　	　	　	　	　
443	관악구	강남골목시장	서울 관악구 조원로6길 15	서울특별시 관악구 조원동 1652	골목형상점가	상점가	               8,072
444	관악구	관악신사시장	서울특별시 관악구 관천로19길 89	서울특별시 관악구 신림동 494-34	인정시장	골목형	               3,778
445	관악구	관악종합시장	서울특별시 관악구 신원로 23	서울특별시 관악구 신림동 1602-1	등록시장	건물형	               2,929
446	관악구	관악중부시장	서울특별시 관악구 관악로 222	서울특별시 관악구 봉천동 33-3	골목형상점가	상점가	               2,391
447	관악구	낙낙별길 골목형상점가	서울 관악구 봉천로 596	서울 관악구 봉천동 1632-3	골목형상점가	상점가	             21,877
448	관악구	난곡골목형상점가	서울특별시 관악구 난곡로24길 12	서울특별시 관악구신림동 702-15	골목형상점가	상점가	               6,947
449	관악구	난곡신사맛길 골목형상점가	서울 관악구 난곡로66길 11	 	골목형상점가	상점가	             16,010
450	관악구	난우길 골목형상점가	서울 관악구 법원단지길 28	 	골목형상점가	상점가	             37,577
451	관악구	남현동 예술인마을 골목형상점가	서울 관악구 남현3길 78	 	골목형상점가	상점가	             50,878
452	관악구	녹두 골목형상점가	서울 관악구 신림로11길 20	서울 관악구 신림동 241-24	골목형상점가	골목형	             14,978
453	관악구	녹두S밸리 골목형상점가	서울 관악구 호암로22길 76	서울 관악구 신림동 1542-3	골목형상점가	골목형	             32,314
454	관악구	미성동도깨비시장	서울특별시 관악구 미성3길 1	서울특별시 관악구 신림동 727-5	골목형상점가	상점가	               9,190
455	관악구	봉리단길 골목형상점가	서울시 관악구 장군봉1길 56	서울특별시 관악구 청룡동 928-1	골목형상점가	상점가	             30,228
456	관악구	봉일시장	서울특별시 관악구 은천로 28	서울특별시 관악구 봉천동 951-25	등록시장	건물형	             19,099
457	관악구	봉천달빛길 골목형상점가	서울 관악구 남부순환로 1739-8	서울 관악구 봉천동 923-15	골목형상점가	상점가	             14,932
458	관악구	봉천제일종합시장	서울특별시 관악구 청룡2길 29	서울특별시 관악구 청룡동 921-1	등록시장	건물형	               3,776
459	관악구	봉천중앙시장	서울특별시 관악구 관악로 211	서울특별시 관악구 봉천동 32-2	등록시장	건물형	               3,406
460	관악구	봉천현대시장	서울특별시 관악구 양녕로 49	서울특별시 관악구 봉천동 503-2	등록시장	건물형	               2,069
461	관악구	삼성동시장	서울특별시 관악구 원신1길 28-1 신림동	서울특별시 관악구 신림동 808-142	무등록시장	골목형	               4,800
462	관악구	샤로수길 골목형상점가	서울 관악구 남부순환로226길 31	 	골목형상점가	상점가	             58,362
463	관악구	서림 행복가득한 골목형상점가	서울 관악구 신림로 208	서울 관악구 신림동 96-95	골목형상점가	상점가	               6,503
464	관악구	서원동상점가	서울특별시 관악구 신림로 329	서울특별시 관악구 신림동 1637 일대	상점가	상점가	             17,115
465	관악구	신림별빛거리 골목형상점가	서울 관악구 봉천로6길 29	서울 관악구 신림동 1441-41	골목형상점가	골목형	             52,916
466	관악구	신림중앙시장	서울특별시 관악구 조원로16길 27	서울특별시 관악구 조원동 541	등록시장	건물형	               6,167
467	관악구	신림현대종합상가	서울특별시 관악구 신림로 29길 3-20	서울특별시 관악구 신림동 1694	등록시장	건물형	               5,053
468	관악구	신신림시장	서울특별시 관악구 원신2길 34	서울특별시 관악구 신림동 390-1	등록시장	건물형	               1,824
469	관악구	신원시장	서울특별시 관악구 신원로3길 20-3	서울특별시 관악구 신원동 1599-3	인정시장	골목형	               3,678
470	관악구	우림시장	서울특별시 관악구 난곡로 26길 19	서울특별시 관악구 신림동 638-50	등록시장	건물형	               1,726
471	관악구	원당종합시장	서울특별시 관악구 남부순환로248길 35	서울특별시 관악구 인헌동 1638-20	등록시장	건물형	               2,059
472	관악구	인헌시장	서울 관악구 인헌6길 24	서울 관악구 봉천동 1636-21	인정시장	골목형	               9,751
473	관악구	조원동펭귄시장	서울특별시 관악구 조원로16길 27	서울특별시 관악구 신림동 541의 6	인정시장	골목형	               9,831
474	관악구	조원복길 골목형상점가	서울 관악구 조원로18길 30	서울 관악구 신림동 537-32	골목형상점가	상점가	             20,760
475	관악구	청림로드 골목형상점가	서울 관악구 청림길 2	서울 관악구 봉천동 14-55	골목형상점가	상점가	             13,176
476	관악구	청림마을 골목형상점가	서울 관악구 청림2길 15-12	서울 관악구 봉천동 14-100	골목형상점가	상점가	             11,210
477	관악구	행운담길 골목형상점가	서울 관악구 남부순환로233길 16	서울 관악구 봉천동 1675-10	골목형상점가	골목형	             15,358
소계	서초구	10	　	　	　	　	　
478	서초구	강남터미널지하도상점가(고투몰)	서울 서초구 신반포로 지하 200	 	상점가	지하도상가	             31,125
479	서초구	고속터미널역지하철역상점가(엔터식스 강남점)	서울 서초구 신반포로 지하 188	서울 서초구 반포동 19-11	상점가	지하도상가	               6,524
480	서초구	남부종합시장	서울특별시 서초구 방배중앙로 27길 17	서울특별시 서초구 방배동 767-1	등록시장	건물형	               5,975
481	서초구	말죽거리 골목형상점가	서울 서초구 남부순환로356길 49	서울 서초구 양재동 9	골목형상점가	상점가	             14,870
482	서초구	반드레길 골목형상점가	서울 서초구 주흥1길 19	서울 서초구 반포동 745-1	골목형상점가	골목형	                    -
483	서초구	방배역먹자골목 골목형상점	서울 서초구 효령로31길 32	서울 서초구 방배동 910-4	골목형상점가	골목형	                    -
484	서초구	서초쇼핑 골목형상점가	서울 서초구 고무래로 90-7	서울 서초구 서초동 1684-1	골목형상점가	건물형	               8,610
485	서초구	아이러브서초강남역 골목형상점가	서울 서초구 서초대로77길 37	서울 서초구 서초동 1308-10	골목형상점가	골목형	                    -
486	서초구	양재시장	서울특별시 서초구 남부순환로 356길 15	서울특별시 서초구 양재동 1-7,8-1	등록시장	건물형	               2,525
487	서초구	잠원하길 골목형상점가	서울 서초구 신반포로47길 93	서울 서초구 잠원동 26-9	골목형상점가	골목형	                    -
소계	강남구	14	　	　	　	　	　
488	강남구	강남개포시장	서울특별시 강남구 개포로82길11	서울특별시 강남구 개포동186-3	상점가	상점가	             56,608
489	강남구	강남시장	동작구 상도로 357	서울특별시 동작구 상도동 488	등록시장	건물형	               2,471
490	강남구	강남언주로 상가	서울특별시 강남구 언주로98길 5-4	서울특별시 강남구 역삼동 699-1	상점가	상점가	               2,008
491	강남구	강남역지하도상점	서울특별시 강남구 강남대로 지하396	서울특별시 강남구 역삼동 804	상점가	지하도상가	             12,099
492	강남구	논현종합시장	서울특별시 강남구 봉은사로33길 33	서울특별시 강남구 논현동 227-4	등록시장	건물형	               1,215
493	강남구	도곡시장	서울 강남구 선릉로69길 19	 	상점가	상점가	             33,361
494	강남구	세곡동 은곡마을 골목형상점가	서울 강남구 헌릉로569길 21-30	서울 강남구 세곡동 616	골목형상점가	골목형	             82,442
495	강남구	신사 세로수길 골목형상점가	서울 강남구 압구정로2길 60	서울 강남구 신사동 512-9	골목형상점가	골목형	             49,117
496	강남구	신사시장	서울특별시 강남구 압구정로29길 72-1	서울특별시 강남구 압구정동 454	등록시장	상점가	               2,932
497	강남구	역삼동 골목형상점가	서울 강남구 역삼로14길 19	서울 강남구 역삼동 792-72	골목형상점가	골목형	             11,682
498	강남구	영동전통시장	서울특별시 강남구 강남대로 128길 20	서울특별시 강남구 논현동 140외 44필지	인정시장	골목형	             13,100
499	강남구	은마종합상점	서울특별시 강남구 삼성로 212	서울특별시 강남구 대치동 316	상점가	상점가	             10,092
500	강남구	청담동 골목형상점가	서울 강남구 압구정로79길 20	서울 강남구 청담동 120-5	골목형상점가	골목형	             34,022
501	강남구	청담삼익시장	서울특별시 강남구 학동로101길26	서울특별시 강남구 청담동 134-20	등록시장	건물형	               2,870
소계	송파구	11	　	　	　	　	　
502	송파구	가락골골목형상점가	서울 송파구 양재대로62길 32-5	서울 송파구 가락동 86	골목형상점가	골목형	             12,608
503	송파구	가락몰 골목형상점가	서울 송파구 양재대로 932	 	골목형상점가	건물형	           112,511
504	송파구	개롱골 장군거리 골목형상점가	서울 송파구 오금로46길 42	서울 송파구 가락동 190-3	골목형상점가	골목형	               6,641
505	송파구	마천시장관리주식회사	 서울특별시 송파구 마천로45길 23	 서울특별시 송파구 마천동 140-2	등록시장	건물형	               3,871
506	송파구	마천중앙시장	서울 송파구 마천로45길 16	서울 송파구 마천동 136-20	인정시장	골목형	             14,757
507	송파구	문정동로데오거리상점가	 서울특별시 송파구 동남로4길 10	 서울특별시 송파구 문정동 41-5	상점가	상점가	             45,850
508	송파구	방이시장	 서울특별시 송파구 가락로 243	 서울특별시 송파구 방이동 124-20	인정시장	골목형	             35,625
509	송파구	새마을시장	 서울특별시 송파구 석촌호수로12길 3-9	 서울특별시 송파구 잠실동 210-33	인정시장	골목형	             19,961
510	송파구	석촌시장	 서울특별시 송파구 송파대로37길 52	 서울특별시 송파구 석촌동 274-8	인정시장	골목형	             17,833
511	송파구	잠실역지하쇼핑센터	서울 송파구 올림픽로 지하 265	 	상점가	지하도상가	               8,446
512	송파구	풍납시장	 서울특별시 송파구 바람드리길 15-1	 서울특별시 송파구 풍납동 88-61	인정시장	골목형	             23,670
소계	강동구	9	　	　	　	　	　
513	강동구	고덕골목형상점가	서울특별시 강동구 고덕로 83길 18	서울특별시 강동구 고덕동 210	골목형상점가	상점가	               6,699
514	강동구	고분다리전통시장	서울시 강동구 구천면로34길	서울특별시 강동구 천호동 393-32	인정시장	골목형	               1,468
515	강동구	길동복조리시장	서울시 강동구 천중로 52길 37	서울특별시 강동구 길동 360-4	인정시장	골목형	             13,189
516	강동구	둔촌역전통시장	서울시 강동구 풍성로58길, 양재대로91길 일대	서울특별시 강동구 성내동 416	인정시장	골목형	               4,140
517	강동구	명일전통시장	서울특별시 강동구 양재대로138길, 상암로47길 일대	서울특별시 강동구 명일동 326-6 외	인정시장	골목형	               1,862
518	강동구	성내전통시장	서울시 강동구 천호대로 162길	서울특별시 강동구 성내동 144-16	인정시장	골목형	               2,700
519	강동구	암사종합시장	서울특별시 강동구 상암로11길, 고덕로10길	서울특별시 강동구 암사동 501	인정시장	골목형	             17,394
520	강동구	장신구거리	서울시 강동구 성내로 83	서울특별시 강동구 성내동 545-6	상점가	건물형	           101,111
521	강동구	천호로데오거리상점가	서울시 강동구 천호대로157길 40	서울특별시 강동구 천호동 411-43호	상점가	상점가	           509,181
